analysisAdminNo,priorityAdminNo,wt,analysisStreamMile,analysisNetAbs,analysisWdid,priorityStreamMile,priorityNetAbs,priorityWdid
50313.0,31258.0,36457.25,29.76,125.0,3602047,266.45,23686098480.0,5104055
32075.30102,31258.0,3613.6426200000005,1.56,12.39,3600649,266.45,23686098480.0,5104055
32075.2366,31258.0,6416.476000000001,1.56,22.0,3600649,266.45,23686098480.0,5104055
49563.0,31258.0,25409244.96,4.78,87120.0,3603694,266.45,23686098480.0,5104055
49581.0,31258.0,40654791.936000004,1.25,139392.0,3603669,266.45,23686098480.0,5104055
32075.196010000003,31258.0,508184899.20000005,41.95,1742400.0,3603534,266.45,23686098480.0,5104055
49673.47786,31258.0,675123638.5872,0.62,2314778.4,3603625,266.45,23686098480.0,5104055
49746.0,31258.0,9333.056,49.01,32.0,3602037,266.45,23686098480.0,5104055
32075.1461,31258.0,25373672017.056,5.49,86998032.0,3603533,266.45,23686098480.0,5104055
32075.09324,31258.0,3908.2172000000005,1.89,13.4,3600687,266.45,23686098480.0,5104055
50038.48023,31258.0,3900319101.36,56.47,13372920.0,3601044,266.45,23686098480.0,5104055
31566.0,31258.0,16041.19,18.46,55.0,3604923,266.45,23686098480.0,5104055
31272.0,31258.0,55415.020000000004,18.46,190.0,3604923,266.45,23686098480.0,5104055
51361.0,31258.0,63523112.400000006,0.96,217800.0,3603672,266.45,23686098480.0,5104055
51499.49093,31258.0,22233089.34,0.51,76230.0,3603656,266.45,23686098480.0,5104055
51864.4949,31258.0,6352311.24,0.93,21780.0,3603690,266.45,23686098480.0,5104055
51864.51194,31258.0,53994645540.0,18.41,185130000.0,3603575,266.45,23686098480.0,5104055
52133.0,31258.0,33286110.897600003,0.5,114127.2,3603659,266.45,23686098480.0,5104055
52595.43829,31258.0,13975084.728,0.32,47916.0,3603684,266.45,23686098480.0,5104055
52595.47634,31258.0,25409244.96,31.08,87120.0,3603673,266.45,23686098480.0,5104055
52595.47847,31258.0,95284668.60000001,0.31,326700.0,3603685,266.45,23686098480.0,5104055
53225.0,31258.0,508184899.20000005,36.51,1742400.0,3603652,266.45,23686098480.0,5104055
53935.0,31258.0,45736640.928,4.78,156816.0,3603694,266.45,23686098480.0,5104055
54786.54603,31258.0,50818489.92,0.31,174240.0,3603678,266.45,23686098480.0,5104055
49308.49216,31258.0,31761556.200000003,1.01,108900.0,3603668,266.45,23686098480.0,5104055
55142.0,31258.0,145829.0,55.1,500.0,3607293,266.45,23686098480.0,5104055
43234.0,31258.0,319190935.18752,0.94,1094401.44,3603599,266.45,23686098480.0,5104055
44194.3068,31258.0,213818796.33840004,0.82,733114.8,3603596,266.45,23686098480.0,5104055
44559.4266,31258.0,53359414.416,64.43,182952.0,3603595,266.45,23686098480.0,5104055
44925.41272,31258.0,190569337.20000002,42.74,653400.0,3603583,266.45,23686098480.0,5104055
45290.35239,31258.0,53994645540.0,18.41,185130000.0,3603575,266.45,23686098480.0,5104055
45512.0,31258.0,76227734.88000001,0.32,261360.0,3603592,266.45,23686098480.0,5104055
35929.0,31258.0,4374.87,33.99,15.0,3600671,266.45,23686098480.0,5104055
35927.0,31258.0,27187892107.2,64.36,93218400.0,3603570,266.45,23686098480.0,5104055
35915.0,31258.0,3499.896,32.49,12.0,3600780,266.45,23686098480.0,5104055
46034.0,31258.0,26044476084.0,19.34,89298000.0,3803875,266.45,23686098480.0,5104055
46097.0,31258.0,19819211068.8,3.72,67953600.0,5102044,266.45,23686098480.0,5104055
46386.18627,31258.0,1270462248.0,8.12,4356000.0,3603606,266.45,23686098480.0,5104055
35238.0,31258.0,3210178599001.44,44.67,11006653680.0,3604512,266.45,23686098480.0,5104055
47116.46933,31258.0,6987542.364,16.76,23958.0,3603614,266.45,23686098480.0,5104055
47670.0,31258.0,635231124.0,1.41,2178000.0,3603624,266.45,23686098480.0,5104055
33799.0,31258.0,81309583.87200001,7.92,278784.0,3603692,266.45,23686098480.0,5104055
33289.0,31258.0,3779.8876800000003,5.77,12.96,3601058,266.45,23686098480.0,5104055
48212.40754,31258.0,317615562.0,39.97,1089000.0,3603636,266.45,23686098480.0,5104055
33094.0,31258.0,5441897993.0831995,4.56,18658490.4,3603569,266.45,23686098480.0,5104055
48212.44803,31258.0,3762.3882000000003,1.33,12.9,3601085,266.45,23686098480.0,5104055
48212.47999,31258.0,190569337.20000002,1.28,653400.0,3603635,266.45,23686098480.0,5104055
48577.4767,31258.0,76227734.88000001,1.41,261360.0,3603624,266.45,23686098480.0,5104055
48827.0,31258.0,25409244.96,42.22,87120.0,3601100,266.45,23686098480.0,5104055
32309.0,31258.0,1994625729.3600001,1.79,6838920.0,3603565,266.45,23686098480.0,5104055
49308.4885,31258.0,157537318.752,0.47,540144.0,3603662,266.45,23686098480.0,5104055
54969.0,31258.0,12704622.48,0.55,43560.0,3603679,266.45,23686098480.0,5104055
40785.0,31258.0,17740734831.072002,58.62,60827184.0,3603542,266.45,23686098480.0,5104055
55152.54756,31258.0,38113867.440000005,0.08,130680.0,3603691,266.45,23686098480.0,5104055
56978.26467999999,31258.0,190569337.20000002,42.74,653400.0,3603583,266.45,23686098480.0,5104055
56613.53112000001,31258.0,19056933.720000003,1.31,65340.0,3603539,266.45,23686098480.0,5104055
55517.51746,31258.0,63523112.400000006,0.29,217800.0,3603688,266.45,23686098480.0,5104055
56063.0,31258.0,6860496.139200001,0.52,23522.4,3603645,266.45,23686098480.0,5104055
56978.56752999999,31258.0,2667970720.8,18.41,9147600.0,3603575,266.45,23686098480.0,5104055
50313.0,20427.18999,9291.625,29.76,125.0,3602047,147.54,1250.0,5300584
35927.0,20427.18999,6929203327.2,64.36,93218400.0,3603570,147.54,1250.0,5300584
46034.0,20427.18999,6637788234.0,19.34,89298000.0,3803875,147.54,1250.0,5300584
46097.0,20427.18999,5051194948.8,3.72,67953600.0,5102044,147.54,1250.0,5300584
31983.22492,20427.18999,186266916.0,9.27,3053556.0,3703517,147.54,1250.0,5300584
35973.0,20427.18999,325980388.8,9.27,5343940.8,3703517,147.54,1250.0,5300584
30870.2208,20427.18999,48892976.747999996,6.94,657756.0,5103714,147.54,1250.0,5300584
37905.0,20427.18999,1041970855.464,5.93,14017608.0,5103694,147.54,1250.0,5300584
46386.32963,20427.18999,16189727.4,0.47,217800.0,3703597,147.54,1250.0,5300584
47116.2221,20427.18999,160666854.71760002,5.66,2161447.2,5003648,147.54,1250.0,5300584
46883.0,20427.18999,3716.65,42.78,50.0,3702042,147.54,1250.0,5300584
46020.4479,20427.18999,16804937.0412,0.6,226076.4,3703601,147.54,1250.0,5300584
46980.0,20427.18999,45784549.0872,12.25,615938.4,5103713,147.54,1250.0,5300584
47023.0,20427.18999,26648291.3004,8.49,358498.8,5103730,147.54,1250.0,5300584
47086.0,20427.18999,123041928.24,0.41,1655280.0,3703627,147.54,1250.0,5300584
47105.0,20427.18999,1139756808.96,7.56,15333120.0,3703608,147.54,1250.0,5300584
47116.32797,20427.18999,143635261.4928,7.56,1932321.6,3703608,147.54,1250.0,5300584
47116.23375,20427.18999,1673920674.7956,4.5,22519213.2,5003645,147.54,1250.0,5300584
46751.4529,20427.18999,14570754.66,19.3,196020.0,5103740,147.54,1250.0,5300584
56970.0,20427.18999,4856918.22,222.54,65340.0,5303641,147.54,1250.0,5300584
47254.0,20427.18999,4236.981,5.74,57.0,5102039,147.54,1250.0,5300584
47450.0,20427.18999,25903563.84,0.97,348480.0,5103716,147.54,1250.0,5300584
47478.0,20427.18999,139231655.64,0.66,1873080.0,3703616,147.54,1250.0,5300584
46751.46211,20427.18999,7433.3,257.52,100.0,5104700,147.54,1250.0,5300584
46751.43716,20427.18999,35617400.28,10.6,479160.0,5003650,147.54,1250.0,5300584
56991.0,20427.18999,23960796.552,2.12,322344.0,3704032,147.54,1250.0,5300584
46594.0,20427.18999,1635.326,0.01,22.0,3702056,147.54,1250.0,5300584
46386.43625,20427.18999,11106152.996399999,2.12,149410.8,3703603,147.54,1250.0,5300584
56978.0,20427.18999,104066.2,38.03,1400.0,3701416,147.54,1250.0,5300584
46386.46353,20427.18999,19427672.88,3.55,261360.0,3703614,147.54,1250.0,5300584
46506.0,20427.18999,3237945.48,1.42,43560.0,3703596,147.54,1250.0,5300584
46538.0,20427.18999,545103588.434328,37.52,7333265.016,3703600,147.54,1250.0,5300584
46593.0,20427.18999,891.996,11.69,12.0,3702043,147.54,1250.0,5300584
46599.0,20427.18999,1845628.9236,0.47,24829.2,3703607,147.54,1250.0,5300584
56978.56884,20427.18999,7252997.8752,4.78,97574.4,3703788,147.54,1250.0,5300584
47481.46538,20427.18999,12951781.92,9.15,174240.0,3703630,147.54,1250.0,5300584
46631.0,20427.18999,80948637.0,7.3,1089000.0,3703595,147.54,1250.0,5300584
46749.0,20427.18999,109313039.4048,19.57,1470585.6,5103739,147.54,1250.0,5300584
46751.38928,20427.18999,531023.05872,0.2,7143.84,5304015,147.54,1250.0,5300584
47481.46173,20427.18999,891.996,10.27,12.0,5300704,147.54,1250.0,5300584
47609.0,20427.18999,1337.994,0.02,18.0,5302006,147.54,1250.0,5300584
47504.0,20427.18999,12951781.92,1.89,174240.0,3703718,147.54,1250.0,5300584
48832.0,20427.18999,1068522.0084,2.12,14374.8,3703756,147.54,1250.0,5300584
48339.0,20427.18999,259035638.4,2.67,3484800.0,5003655,147.54,1250.0,5300584
48485.0,20427.18999,372978939.8412,43.8,5017676.4,5003651,147.54,1250.0,5300584
48577.3141,20427.18999,37236373.019999996,263.68,500940.0,5104053,147.54,1250.0,5300584
48577.4042,20427.18999,3885534.576,15.25,52272.0,3703695,147.54,1250.0,5300584
48577.4739,20427.18999,989192344.14,3.97,13307580.0,5003618,147.54,1250.0,5300584
56613.46751,20427.18999,13275576.468,8.86,178596.0,5304059,147.54,1250.0,5300584
56599.0,20427.18999,29028181.2282,3.44,390515.4,3709120,147.54,1250.0,5300584
47558.0,20427.18999,387323038.3176,4.4,5210647.2,3803761,147.54,1250.0,5300584
48942.35064,20427.18999,48569182.199999996,9.24,653400.0,3703665,147.54,1250.0,5300584
48942.47664,20427.18999,6475890.96,1.51,87120.0,5303955,147.54,1250.0,5300584
48942.48884,20427.18999,56016456.804,263.42,753588.0,5104052,147.54,1250.0,5300584
49216.0,20427.18999,141239181.8376,5.66,1900087.2,5003648,147.54,1250.0,5300584
49304.0,20427.18999,25903563.84,2.31,348480.0,3703681,147.54,1250.0,5300584
49308.39659,20427.18999,97138364.39999999,6.71,1306800.0,5103747,147.54,1250.0,5300584
49308.42613,20427.18999,43712263.98,7.65,588060.0,5104010,147.54,1250.0,5300584
49308.44803,20427.18999,169020754.056,0.33,2273832.0,5103745,147.54,1250.0,5300584
56613.49884,20427.18999,647589.096,1.49,8712.0,5103575,147.54,1250.0,5300584
48212.47915,20427.18999,9588.957,8.06,129.0,3600985,147.54,1250.0,5300584
48212.47755,20427.18999,1673920674.7956,4.5,22519213.2,5003645,147.54,1250.0,5300584
48212.47389,20427.18999,325478279.6496,3.29,4378651.2,5003616,147.54,1250.0,5300584
47602.0,20427.18999,14866.6,257.52,200.0,5104700,147.54,1250.0,5300584
57193.0,20427.18999,77710.69152000001,31.15,1045.44,3704024,147.54,1250.0,5300584
47671.0,20427.18999,11149.949999999999,226.65,150.0,5102036,147.54,1250.0,5300584
47755.0,20427.18999,584254882.4112,0.0,7859966.4,5003646,147.54,1250.0,5300584
47827.0,20427.18999,1962194960.8799999,52.41,26397360.0,5003624,147.54,1250.0,5300584
47847.32872,20427.18999,8094863.7,0.34,108900.0,3703684,147.54,1250.0,5300584
47884.0,20427.18999,15218343.756,0.34,204732.0,3703684,147.54,1250.0,5300584
47888.0,20427.18999,6475890.96,2.12,87120.0,3703751,147.54,1250.0,5300584
47921.0,20427.18999,14570754.66,15.28,196020.0,5103750,147.54,1250.0,5300584
48212.39993,20427.18999,234751047.29999998,281.45,3158100.0,5104051,147.54,1250.0,5300584
56613.55152000001,20427.18999,2331320.7456,1.09,31363.2,5204030,147.54,1250.0,5300584
56613.54786,20427.18999,5051194.9488,1.74,67953.6,5204031,147.54,1250.0,5300584
46020.44375,20427.18999,25903563.84,2.98,348480.0,5103726,147.54,1250.0,5300584
55152.48819,20427.18999,27522536.58,3.93,370260.0,5103539,147.54,1250.0,5300584
46020.43584,20427.18999,16189727.4,2.96,217800.0,5103725,147.54,1250.0,5300584
57249.0,20427.18999,369125.78472,1.42,4965.84,3703596,147.54,1250.0,5300584
41799.0,20427.18999,323794.548,2.19,4356.0,3703856,147.54,1250.0,5300584
41861.0,20427.18999,323794.548,14.06,4356.0,5204000,147.54,1250.0,5300584
42242.0,20427.18999,138532907.00541598,1.86,1863679.7519999999,5203940,147.54,1250.0,5300584
42420.38198,20427.18999,32379454.8,60.22,435600.0,3703545,147.54,1250.0,5300584
42420.38928,20427.18999,29141509.32,60.22,392040.0,3703545,147.54,1250.0,5300584
42491.0,20427.18999,660540877.92,0.02,8886240.0,3803832,147.54,1250.0,5300584
42492.0,20427.18999,32379454.8,0.67,435600.0,5203937,147.54,1250.0,5300584
42519.0,20427.18999,323794.548,1.21,4356.0,3703883,147.54,1250.0,5300584
42520.0,20427.18999,323794.548,20.08,4356.0,3703811,147.54,1250.0,5300584
42557.0,20427.18999,174266225.73360002,6.55,2344399.2,5303972,147.54,1250.0,5300584
42618.0,20427.18999,81207672.6384,13.7,1092484.8,5303979,147.54,1250.0,5300584
42672.0,20427.18999,647589.096,2.15,8712.0,3703863,147.54,1250.0,5300584
42733.0,20427.18999,1618972.74,3.0,21780.0,7203568,147.54,1250.0,5300584
43052.0,20427.18999,2428459.11,3.25,32670.0,3703580,147.54,1250.0,5300584
43098.0,20427.18999,3237945.48,21.93,43560.0,7203609,147.54,1250.0,5300584
57704.0,20427.18999,9713836.44,5.45,130680.0,5103523,147.54,1250.0,5300584
43403.0,20427.18999,194276728.79999998,0.19,2613600.0,3703544,147.54,1250.0,5300584
43464.0,20427.18999,3237945.48,1.88,43560.0,7203624,147.54,1250.0,5300584
43621.41467,20427.18999,7673930.787599999,5.59,103237.2,5104007,147.54,1250.0,5300584
41707.0,20427.18999,323794.548,3.5,4356.0,3703817,147.54,1250.0,5300584
41684.0,20427.18999,647589.096,3.9,8712.0,3703830,147.54,1250.0,5300584
41551.0,20427.18999,12304192.824,1.76,165528.0,5104023,147.54,1250.0,5300584
41199.21147,20427.18999,1605276230.6195998,12.92,21595741.2,5303988,147.54,1250.0,5300584
40884.0,20427.18999,323794.548,11.62,4356.0,3703859,147.54,1250.0,5300584
40912.0,20427.18999,323794.548,11.61,4356.0,3703879,147.54,1250.0,5300584
40922.0,20427.18999,647589.096,6.59,8712.0,5204014,147.54,1250.0,5300584
40937.0,20427.18999,323794.548,8.95,4356.0,5203987,147.54,1250.0,5300584
41045.0,20427.18999,3399842.7539999997,0.0,45738.0,5104019,147.54,1250.0,5300584
41050.0,20427.18999,323794.548,1.0,4356.0,3703855,147.54,1250.0,5300584
41199.1897,20427.18999,72011907.4752,9.33,968774.4,5303952,147.54,1250.0,5300584
41199.20666,20427.18999,34063186.4496,3.35,458251.2,5303998,147.54,1250.0,5300584
41199.21783,20427.18999,105557022.648,2.92,1420056.0,5303989,147.54,1250.0,5300584
41531.0,20427.18999,323794.548,3.9,4356.0,3703829,147.54,1250.0,5300584
41199.23559,20427.18999,137450785.626,3.73,1849122.0,5303976,147.54,1250.0,5300584
41199.32292,20427.18999,80430565.7232,5.04,1082030.4,5303983,147.54,1250.0,5300584
41231.0,20427.18999,1618972.74,10.76,21780.0,3703882,147.54,1250.0,5300584
41245.0,20427.18999,323794.548,7.0,4356.0,3703884,147.54,1250.0,5300584
41253.0,20427.18999,732488026.4855999,20.33,9854143.2,5303978,147.54,1250.0,5300584
41272.0,20427.18999,2590356.384,2.93,34848.0,7203623,147.54,1250.0,5300584
41393.0,20427.18999,10911876.2676,0.18,146797.2,5104013,147.54,1250.0,5300584
43621.42906,20427.18999,1440885738.6,257.47,19384200.0,5103742,147.54,1250.0,5300584
43621.43338,20427.18999,404743185.0,2.28,5445000.0,5104006,147.54,1250.0,5300584
43622.38929,20427.18999,19427672.88,7.42,261360.0,5104037,147.54,1250.0,5300584
45410.0,20427.18999,80948637.0,5.12,1089000.0,5303542,147.54,1250.0,5300584
57432.0,20427.18999,26518773.481200002,2.13,356756.4,3704046,147.54,1250.0,5300584
45290.3628,20427.18999,13275576.468,0.18,178596.0,3603579,147.54,1250.0,5300584
45290.3635,20427.18999,7447274.604,0.46,100188.0,3603580,147.54,1250.0,5300584
45290.36436,20427.18999,3885534.576,0.51,52272.0,3603581,147.54,1250.0,5300584
45290.36645,20427.18999,3237945.48,0.62,43560.0,3603582,147.54,1250.0,5300584
45290.37805,20427.18999,29141509.32,1.29,392040.0,5104048,147.54,1250.0,5300584
45290.45144,20427.18999,2722.07446,3.57,36.62,3600709,147.54,1250.0,5300584
57340.0,20427.18999,23637002.004,9.57,317988.0,5003687,147.54,1250.0,5300584
45290.0,20427.18999,323794.548,7.74,4356.0,5003677,147.54,1250.0,5300584
45655.43802,20427.18999,9713836.44,282.27,130680.0,5104038,147.54,1250.0,5300584
45776.0,20427.18999,7433.3,0.0,100.0,3802114,147.54,1250.0,5300584
45863.0,20427.18999,8904350.07,2.23,119790.0,5304017,147.54,1250.0,5300584
45943.0,20427.18999,126279873.72,283.81,1698840.0,5104047,147.54,1250.0,5300584
46020.42575,20427.18999,550450731.6,5.64,7405200.0,5103732,147.54,1250.0,5300584
49308.45168,20427.18999,16189727.4,248.77,217800.0,5103746,147.54,1250.0,5300584
45290.18263,20427.18999,32379454.8,8.94,435600.0,5203971,147.54,1250.0,5300584
44925.44528,20427.18999,2674542.96648,7.86,35980.56,5304019,147.54,1250.0,5300584
43829.22015,20427.18999,1010789440.4915999,4.94,13598125.2,5103688,147.54,1250.0,5300584
57607.0,20427.18999,20237159.25,282.28,272250.0,5103596,147.54,1250.0,5300584
57647.0,20427.18999,3496981.1184,25.52,47044.8,5109178,147.54,1250.0,5300584
44194.41467,20427.18999,7673930.787599999,5.59,103237.2,5104007,147.54,1250.0,5300584
44559.0,20427.18999,971383.644,2.85,13068.0,5303565,147.54,1250.0,5300584
44559.33769,20427.18999,46302620.364,3.9,622908.0,5104040,147.54,1250.0,5300584
44559.37499,20427.18999,112466798.30232,0.45,1513013.04,3603578,147.54,1250.0,5300584
44559.42035,20427.18999,632694546.7919999,25.29,8511624.0,5303995,147.54,1250.0,5300584
44559.42885,20427.18999,3237945.48,3.35,43560.0,5304025,147.54,1250.0,5300584
44925.43464,20427.18999,74472746.03999999,0.0,1001880.0,5003653,147.54,1250.0,5300584
44559.43736,20427.18999,12951781.92,9.51,174240.0,5003654,147.54,1250.0,5300584
44559.44315,20427.18999,19427672.88,2.86,261360.0,5304013,147.54,1250.0,5300584
44712.0,20427.18999,19039119.422399998,2.5,256132.8,3703606,147.54,1250.0,5300584
44925.39993,20427.18999,2428459.11,216.2,32670.0,5203967,147.54,1250.0,5300584
57513.0,20427.18999,48892976.747999996,4.73,657756.0,5003688,147.54,1250.0,5300584
44925.42542,20427.18999,6411132.0504,15.81,86248.8,3703591,147.54,1250.0,5300584
44925.42885,20427.18999,58283018.64,3.18,784080.0,5304014,147.54,1250.0,5300584
56461.0,20427.18999,3950293.4856,2.12,53143.2,3703995,147.54,1250.0,5300584
56247.55799,20427.18999,841865.8248000001,1.41,11325.6,3704021,147.54,1250.0,5300584
56368.0,20427.18999,63237075.2244,4.09,850726.8,5103508,147.54,1250.0,5300584
53680.0,20427.18999,65795052.15359999,4.06,885139.2,5003620,147.54,1250.0,5300584
53325.53142,20427.18999,459788.25816,0.92,6185.52,3703937,147.54,1250.0,5300584
53340.0,20427.18999,10037630.988,3.65,135036.0,5103517,147.54,1250.0,5300584
53461.0,20427.18999,25903563.84,8.35,348480.0,5003671,147.54,1250.0,5300584
53543.0,20427.18999,9713836.44,32.36,130680.0,3703909,147.54,1250.0,5300584
53559.0,20427.18999,6670167.688800001,10.04,89733.6,5103515,147.54,1250.0,5300584
53596.0,20427.18999,722061.8420399999,0.91,9713.88,3703939,147.54,1250.0,5300584
53624.0,20427.18999,9713836.44,32.36,130680.0,3703908,147.54,1250.0,5300584
53656.0,20427.18999,16189727.4,0.79,217800.0,5302027,147.54,1250.0,5300584
53691.42367999999,20427.18999,16189727.4,10.82,217800.0,5303513,147.54,1250.0,5300584
53325.52807,20427.18999,5569266.2256,30.22,74923.2,3703894,147.54,1250.0,5300584
53691.46751,20427.18999,16189727.4,2.17,217800.0,5303509,147.54,1250.0,5300584
53691.50981,20427.18999,108147379.03199999,5.53,1454904.0,5303515,147.54,1250.0,5300584
53691.51541,20427.18999,16740178.1316,0.94,225205.2,5103500,147.54,1250.0,5300584
53691.5223,20427.18999,9713836.44,2.17,130680.0,5303508,147.54,1250.0,5300584
53691.52595,20427.18999,14505995.7504,10.8,195148.8,5303510,147.54,1250.0,5300584
53691.531720000006,20427.18999,45331236.72,7.25,609840.0,5303518,147.54,1250.0,5300584
53692.0,20427.18999,13728888.835199999,10.03,184694.4,3703954,147.54,1250.0,5300584
53874.0,20427.18999,200752619.76,1.92,2700720.0,3703944,147.54,1250.0,5300584
53325.52868,20427.18999,2229.99,8.05,30.0,3600776,147.54,1250.0,5300584
53979.0,20427.18999,45331236.72,7.25,609840.0,5303518,147.54,1250.0,5300584
52960.513,20427.18999,10426184.445600001,0.35,140263.2,3703930,147.54,1250.0,5300584
52700.0,20427.18999,161897274.0,22.76,2178000.0,3703900,147.54,1250.0,5300584
52803.0,20427.18999,25903563.84,4.86,348480.0,5103501,147.54,1250.0,5300584
52822.0,20427.18999,25903563.84,1.46,348480.0,3703936,147.54,1250.0,5300584
52883.0,20427.18999,63463731.408,2.15,853776.0,3703789,147.54,1250.0,5300584
52960.30683,20427.18999,4533123.672,8.2,60984.0,5003674,147.54,1250.0,5300584
52960.39598,20427.18999,4533123.672,1.96,60984.0,5003675,147.54,1250.0,5300584
52960.46233,20427.18999,38855345.76,1.14,522720.0,5103502,147.54,1250.0,5300584
52960.52462,20427.18999,1942767.288,8.42,26136.0,3703926,147.54,1250.0,5300584
53325.50829,20427.18999,1165660.3728,3.66,15681.6,3703891,147.54,1250.0,5300584
52960.5296,20427.18999,3237945.48,7.08,43560.0,3703783,147.54,1250.0,5300584
52976.0,20427.18999,19427672880.0,13.16,261360000.0,5003668,147.54,1250.0,5300584
53203.0,20427.18999,29141509.32,1.42,392040.0,3703596,147.54,1250.0,5300584
55152.54421,20427.18999,16189727.4,12.52,217800.0,5003680,147.54,1250.0,5300584
53231.0,20427.18999,14570754.66,0.31,196020.0,5104060,147.54,1250.0,5300584
53325.2791,20427.18999,19427672.88,3.25,261360.0,3703893,147.54,1250.0,5300584
53325.46264,20427.18999,26324496.7524,1.23,354142.8,3703931,147.54,1250.0,5300584
53325.49095,20427.18999,2752253.658,1.41,37026.0,3703914,147.54,1250.0,5300584
55152.54301,20427.18999,36264989.376,3.75,487872.0,5103550,147.54,1250.0,5300584
54042.0,20427.18999,3885534.576,2.23,52272.0,5103521,147.54,1250.0,5300584
54786.39446,20427.18999,1618972.74,32.36,21780.0,3703983,147.54,1250.0,5300584
54421.53724,20427.18999,4889297.6748,3.19,65775.6,5104021,147.54,1250.0,5300584
54421.54229,20427.18999,4856918.22,8.17,65340.0,5103522,147.54,1250.0,5300584
54531.0,20427.18999,6475890.96,2.27,87120.0,5103530,147.54,1250.0,5300584
54617.0,20427.18999,33998427.54,222.2,457380.0,5303588,147.54,1250.0,5300584
54663.0,20427.18999,32379454.8,9.21,435600.0,3704078,147.54,1250.0,5300584
54699.0,20427.18999,16189727.4,4.22,217800.0,5103537,147.54,1250.0,5300584
54786.17657,20427.18999,420609117.852,30.83,5658444.0,3701300,147.54,1250.0,5300584
54786.35276,20427.18999,3885534.576,1.15,52272.0,5103535,147.54,1250.0,5300584
54786.52869,20427.18999,19427672.88,0.95,261360.0,3703951,147.54,1250.0,5300584
54786.53842999999,20427.18999,9713836.44,0.96,130680.0,5103536,147.54,1250.0,5300584
55152.53902999999,20427.18999,2428459.11,1.83,32670.0,5303569,147.54,1250.0,5300584
54786.54692000001,20427.18999,809486.37,1.36,10890.0,5303568,147.54,1250.0,5300584
55152.52017,20427.18999,8256760.973999999,0.8,111078.0,3704065,147.54,1250.0,5300584
55067.0,20427.18999,518071.2768,7.08,6969.6,3703984,147.54,1250.0,5300584
55070.0,20427.18999,53445.426999999996,5.29,719.0,3701412,147.54,1250.0,5300584
54421.51986,20427.18999,1618972.74,0.69,21780.0,3703977,147.54,1250.0,5300584
54047.0,20427.18999,2525597.4744,0.22,33976.8,3703911,147.54,1250.0,5300584
54056.54056,20427.18999,37139234.6556,171.24,499633.2,5204024,147.54,1250.0,5300584
54056.51316,20427.18999,2266561.836,0.41,30492.0,3703793,147.54,1250.0,5300584
54056.52839,20427.18999,3076048.206,0.34,41382.0,3703781,147.54,1250.0,5300584
54056.52852000001,20427.18999,86776938.864,0.0,1167408.0,5103526,147.54,1250.0,5300584
54056.53631,20427.18999,4468364.7624,0.06,60112.8,3703782,147.54,1250.0,5300584
54056.53931,20427.18999,6475890.96,0.05,87120.0,5303514,147.54,1250.0,5300584
54120.0,20427.18999,5504507.316,18.69,74052.0,3703795,147.54,1250.0,5300584
54421.4458,20427.18999,9713836.44,0.24,130680.0,5103529,147.54,1250.0,5300584
54168.0,20427.18999,3237945.48,15.28,43560.0,5103528,147.54,1250.0,5300584
54250.0,20427.18999,1486.6599999999999,13.07,20.0,5002000,147.54,1250.0,5300584
54268.0,20427.18999,64758909.6,1.3,871200.0,5103552,147.54,1250.0,5300584
54377.0,20427.18999,41627027090.88,13.16,560007360.0,5003668,147.54,1250.0,5300584
54420.0,20427.18999,715585.95108,2.61,9626.76,3703927,147.54,1250.0,5300584
54421.13971,20427.18999,335192116.0896,37.52,4509331.2,3703600,147.54,1250.0,5300584
54421.22053,20427.18999,4856918.22,3.38,65340.0,3603674,147.54,1250.0,5300584
54421.3835,20427.18999,13599371.015999999,223.43,182952.0,5303587,147.54,1250.0,5300584
52595.52184,20427.18999,420932912.4,3.3,5662800.0,3703987,147.54,1250.0,5300584
55152.54633,20427.18999,6475890.96,1.83,87120.0,5303571,147.54,1250.0,5300584
50403.38654,20427.18999,16189727.4,0.06,217800.0,5104057,147.54,1250.0,5300584
50038.49551,20427.18999,414457021.44,5.95,5575680.0,5303966,147.54,1250.0,5300584
50038.49798,20427.18999,6223331.212560001,0.95,83722.32,3703690,147.54,1250.0,5300584
50219.0,20427.18999,1618972.74,8.75,21780.0,3703706,147.54,1250.0,5300584
40478.0,20427.18999,323794.548,1.34,4356.0,3703840,147.54,1250.0,5300584
50361.0,20427.18999,24284591.099999998,2.22,326700.0,3703969,147.54,1250.0,5300584
50386.0,20427.18999,194254063181.63998,13.16,2613295080.0,5003668,147.54,1250.0,5300584
50403.35303,20427.18999,1454679386.3448,5.26,19569765.6,3703524,147.54,1250.0,5300584
50403.41089,20427.18999,3237945.48,8.42,43560.0,3703696,147.54,1250.0,5300584
55882.54191,20427.18999,22050408.718799997,3.93,296643.6,5303603,147.54,1250.0,5300584
50403.50233,20427.18999,8094863.7,2.27,108900.0,3603628,147.54,1250.0,5300584
50603.0,20427.18999,16189727.4,2.74,217800.0,5203978,147.54,1250.0,5300584
50648.0,20427.18999,3237945.48,8.42,43560.0,3703697,147.54,1250.0,5300584
50726.0,20427.18999,11332809.18,0.31,152460.0,5104060,147.54,1250.0,5300584
50769.30316,20427.18999,32379454.8,2.02,435600.0,3603661,147.54,1250.0,5300584
50769.47116,20427.18999,129517819.2,8.86,1742400.0,5304034,147.54,1250.0,5300584
55882.42215,20427.18999,2266561.836,0.11,30492.0,5103546,147.54,1250.0,5300584
50769.47664,20427.18999,29853857.325600002,1.51,401623.2,5303955,147.54,1250.0,5300584
55882.54695,20427.18999,66442641.24959999,8.28,893851.2,5103571,147.54,1250.0,5300584
55175.0,20427.18999,9519559.711199999,6.24,128066.4,5300755,147.54,1250.0,5300584
56247.53959,20427.18999,8094863.7,8.32,108900.0,3703659,147.54,1250.0,5300584
56247.5621,20427.18999,11041394.0868,2.12,148539.6,3704017,147.54,1250.0,5300584
56247.5579,20427.18999,19427672.88,1.08,261360.0,5003681,147.54,1250.0,5300584
49403.0,20427.18999,2014002088.56,10.86,27094320.0,5000617,147.54,1250.0,5300584
56247.55457000001,20427.18999,32379454.8,8.27,435600.0,5303589,147.54,1250.0,5300584
49451.0,20427.18999,1040.662,3.53,14.0,5000762,147.54,1250.0,5300584
49490.0,20427.18999,6475890.96,30.13,87120.0,5003659,147.54,1250.0,5300584
49673.42368,20427.18999,156230869.41,4.08,2101770.0,5003661,147.54,1250.0,5300584
50038.4304,20427.18999,3529360573.2,3.42,47480400.0,5103752,147.54,1250.0,5300584
55973.0,20427.18999,3716.65,15.66,50.0,5304011,147.54,1250.0,5300584
55882.55761,20427.18999,71882389.656,33.98,967032.0,3703993,147.54,1250.0,5300584
55882.55722,20427.18999,1560.993,3.68,21.0,5300920,147.54,1250.0,5300584
49796.0,20427.18999,1052332.281,1.91,14157.0,3703688,147.54,1250.0,5300584
55882.55457000001,20427.18999,27684433.854,8.12,372438.0,5304058,147.54,1250.0,5300584
49802.0,20427.18999,1040.662,0.01,14.0,3702056,147.54,1250.0,5300584
55882.54755,20427.18999,1229609796.03,5.26,16541910.0,3703524,147.54,1250.0,5300584
49833.0,20427.18999,2363700.2004,2.12,31798.8,3703686,147.54,1250.0,5300584
50769.50702,20427.18999,7771069.152,9.84,104544.0,5304035,147.54,1250.0,5300584
50961.0,20427.18999,1486.6599999999999,6.37,20.0,5102070,147.54,1250.0,5300584
51134.44925,20427.18999,25094077.47,7.97,337590.0,5304042,147.54,1250.0,5300584
52230.0,20427.18999,207228.51072000002,4.72,2787.84,3703403,147.54,1250.0,5300584
55517.0,20427.18999,647589.096,6.08,8712.0,5303596,147.54,1250.0,5300584
51959.0,20427.18999,8094863.7,1.86,108900.0,3704093,147.54,1250.0,5300584
51999.0,20427.18999,25903563.84,19.63,348480.0,3703748,147.54,1250.0,5300584
52000.0,20427.18999,14894549.208,3.61,200376.0,5304051,147.54,1250.0,5300584
52033.0,20427.18999,205933332.528,8.94,2770416.0,5203982,147.54,1250.0,5300584
52067.0,20427.18999,24284591.099999998,25.39,326700.0,5101245,147.54,1250.0,5300584
55470.0,20427.18999,2266561.836,0.64,30492.0,3703952,147.54,1250.0,5300584
52230.4361,20427.18999,191427336.77760002,27.42,2575267.2,3703778,147.54,1250.0,5300584
51134.49308,20427.18999,30112892.963999998,8.13,405108.0,5304043,147.54,1250.0,5300584
52230.52217,20427.18999,32379454.8,28.59,435600.0,3703771,147.54,1250.0,5300584
52395.0,20427.18999,33674632.992,6.46,453024.0,5104033,147.54,1250.0,5300584
52595.33085,20427.18999,71234800.56,0.87,958320.0,3703523,147.54,1250.0,5300584
52595.36705,20427.18999,6475890.96,15.42,87120.0,3703906,147.54,1250.0,5300584
55287.0,20427.18999,43874161.254,1.3,590238.0,5103552,147.54,1250.0,5300584
52595.42885,20427.18999,16189727.4,7.76,217800.0,5203983,147.54,1250.0,5300584
51864.49825,20427.18999,17161111.044,1.22,230868.0,3703804,147.54,1250.0,5300584
51864.43464,20427.18999,9066247.344,2.9,121968.0,3703747,147.54,1250.0,5300584
51864.43372,20427.18999,7771069.152,2.93,104544.0,3703744,147.54,1250.0,5300584
55855.0,20427.18999,304366875.12,20.59,4094640.0,5103568,147.54,1250.0,5300584
51465.0,20427.18999,2973.3199999999997,266.25,40.0,5102089,147.54,1250.0,5300584
51499.38715,20427.18999,4112190.7595999995,29.9,55321.2,5103720,147.54,1250.0,5300584
51499.39598,20427.18999,9713836.44,22.0,130680.0,5304041,147.54,1250.0,5300584
55694.0,20427.18999,113004297.252,5.75,1520244.0,3704051,147.54,1250.0,5300584
51499.50038,20427.18999,54397484.063999996,3.61,731808.0,5304051,147.54,1250.0,5300584
51499.51074,20427.18999,3561740.028,1.51,47916.0,5104062,147.54,1250.0,5300584
51499.51088,20427.18999,57182117.1768,58.56,769269.6,3703742,147.54,1250.0,5300584
51499.5125,20427.18999,61002892.8432,2.91,820670.4,3703958,147.54,1250.0,5300584
51499.51328,20427.18999,19427672.88,0.49,261360.0,3703736,147.54,1250.0,5300584
51695.0,20427.18999,54947934.7956,200.7,739213.2,5203946,147.54,1250.0,5300584
51726.0,20427.18999,64758909.6,25.97,871200.0,3703732,147.54,1250.0,5300584
51818.0,20427.18999,1988098.5247199999,29.9,26745.84,5103720,147.54,1250.0,5300584
51864.30785,20427.18999,16189727.4,2.8,217800.0,3703735,147.54,1250.0,5300584
51864.32323,20427.18999,80948637.0,8.27,1089000.0,5304056,147.54,1250.0,5300584
34241.18263,20427.18999,1337.994,236.23,18.0,5100763,147.54,1250.0,5300584
34648.0,20427.18999,347593447.278,4.41,4676166.0,5003632,147.54,1250.0,5300584
20427.19981,20427.18999,997287207.84,10.06,13416480.0,3703530,147.54,1250.0,5300584
34762.3464,20427.18999,331889411.7,4.03,4464900.0,5000770,147.54,1250.0,5300584
34762.34553,20427.18999,6064671884.04,13.11,81587880.0,5003629,147.54,1250.0,5300584
34762.33466,20427.18999,1398468652.812,52.88,18813564.0,5003623,147.54,1250.0,5300584
34762.14397,20427.18999,11462326.9992,2.77,154202.4,5003640,147.54,1250.0,5300584
20427.20179,20427.18999,129938752.1124,5.26,1748062.8,3703524,147.54,1250.0,5300584
20694.0,20427.18999,11235670.8156,5.26,151153.2,3703524,147.54,1250.0,5300584
37566.36808,20427.18999,198162263.376,1.97,2665872.0,5103660,147.54,1250.0,5300584
34241.236789999995,20427.18999,1051.06862,2.25,14.14,5100546,147.54,1250.0,5300584
33466.0,20427.18999,303298353.1116,2.33,4080265.2,3603571,147.54,1250.0,5300584
33433.3315,20427.18999,624923477.64,2.15,8407080.0,5103693,147.54,1250.0,5300584
33433.33149,20427.18999,819.8929899999999,240.53,11.03,5100629,147.54,1250.0,5300584
33070.0,20427.18999,4627.22925,13.51,62.25,5000606,147.54,1250.0,5300584
33063.12023,20427.18999,1783.992,236.23,24.0,5100763,147.54,1250.0,5300584
33025.0,20427.18999,3846.73275,3.21,51.75,5000734,147.54,1250.0,5300584
33023.28989,20427.18999,11744.614,147.54,158.0,5300584,147.54,1250.0,5300584
35016.0,20427.18999,71234800.56,6.1,958320.0,3603537,147.54,1250.0,5300584
20427.19478,20427.18999,63237075.2244,5.26,850726.8,3703524,147.54,1250.0,5300584
35404.0,20427.18999,293552137.2168,1.68,3949149.6,5303982,147.54,1250.0,5300584
20427.19252,20427.18999,839.9629,10.38,11.3,5300767,147.54,1250.0,5300584
37494.0,20427.18999,1635.326,3.97,22.0,5300595,147.54,1250.0,5300584
37482.0,20427.18999,1040.662,1.42,14.0,5300662,147.54,1250.0,5300584
37465.0,20427.18999,10540581059.408401,17.8,141802174.8,5303971,147.54,1250.0,5300584
37446.0,20427.18999,800679158.2944001,5.95,10771516.8,5303966,147.54,1250.0,5300584
37202.0,20427.18999,1114.995,10.27,15.0,5300754,147.54,1250.0,5300584
37177.0,20427.18999,6184475.8668,291.1,83199.6,5103682,147.54,1250.0,5300584
37061.0,20427.18999,16351624.674,2.26,219978.0,5003641,147.54,1250.0,5300584
36801.0,20427.18999,25417872.018,0.71,341946.0,3603545,147.54,1250.0,5300584
36730.0,20427.18999,1114.995,6.46,15.0,3700684,147.54,1250.0,5300584
36718.0,20427.18999,2229.99,6.46,30.0,3700683,147.54,1250.0,5300584
36524.0,20427.18999,129517819.2,5.53,1742400.0,5303562,147.54,1250.0,5300584
36186.0,20427.18999,377868237.516,3.31,5083452.0,5103665,147.54,1250.0,5300584
36040.0,20427.18999,3476258267.328,21.16,46766016.0,5003625,147.54,1250.0,5300584
35969.0,20427.18999,132108175.58399999,0.31,1777248.0,3603544,147.54,1250.0,5300584
35702.0,20427.18999,587460448.4363999,8.55,7903090.8,5203939,147.54,1250.0,5300584
35686.0,20427.18999,951.4624,24.25,12.8,5300621,147.54,1250.0,5300584
35645.0,20427.18999,47274004.008,5.13,635976.0,3603549,147.54,1250.0,5300584
35621.0,20427.18999,628776632.7612001,28.73,8458916.4,5303961,147.54,1250.0,5300584
33023.1952,20427.18999,578879892.9144,5.95,7787656.8,5303966,147.54,1250.0,5300584
33012.0,20427.18999,143764779.312,7.56,1934064.0,3703814,147.54,1250.0,5300584
32977.0,20427.18999,2502931856.04,1.16,33671880.0,5003642,147.54,1250.0,5300584
31359.0,20427.18999,303191500910.76,2.22,4078827720.0,5103709,147.54,1250.0,5300584
31258.0,20427.18999,1760658758313.8398,266.45,23686098480.0,5104055,147.54,1250.0,5300584
31175.0,20427.18999,191459716.23239997,200.7,2575702.8,5203946,147.54,1250.0,5300584
30194.15523,20427.18999,58542054.278400004,5.26,787564.8,3703524,147.54,1250.0,5300584
30894.300710000003,20427.18999,2137044.0168,5.26,28749.6,3703524,147.54,1250.0,5300584
30894.29746,20427.18999,1132.09159,3.96,15.23,3700682,147.54,1250.0,5300584
30894.29745,20427.18999,3066334369.56,22.2,41251320.0,3703520,147.54,1250.0,5300584
30870.1401,20427.18999,48115869.8328,2.12,647301.6,5103683,147.54,1250.0,5300584
30894.293910000004,20427.18999,2229.99,7.14,30.0,3704641,147.54,1250.0,5300584
30894.2934,20427.18999,3270324.9348,5.26,43995.6,3703524,147.54,1250.0,5300584
30894.29013,20427.18999,6318.305,2.2,85.0,3704648,147.54,1250.0,5300584
30894.280110000003,20427.18999,1517.87986,21.6,20.42,3700642,147.54,1250.0,5300584
30894.26783,20427.18999,29076750.4104,5.26,391168.8,3703524,147.54,1250.0,5300584
30894.265710000003,20427.18999,879.35939,21.44,11.83,3700848,147.54,1250.0,5300584
30894.180610000003,20427.18999,886.04936,36.6,11.92,3700658,147.54,1250.0,5300584
30894.17657,20427.18999,978.22228,2.12,13.16,3700560,147.54,1250.0,5300584
31393.23745,20427.18999,790058697.12,3.34,10628640.0,5003606,147.54,1250.0,5300584
32871.0,20427.18999,1618972.74,3.0,21780.0,3703858,147.54,1250.0,5300584
30184.29584,20427.18999,1362.52389,3.57,18.33,3600709,147.54,1250.0,5300584
29531.0,20427.18999,323794.548,1.0,4356.0,3703842,147.54,1250.0,5300584
32733.0,20427.18999,1978838000.6471999,6.36,26621258.4,5000574,147.54,1250.0,5300584
32653.0,20427.18999,637875259.56,52.41,8581320.0,5003624,147.54,1250.0,5300584
32347.0,20427.18999,103031425.17359999,4.09,1386079.2,5203936,147.54,1250.0,5300584
32335.11677,20427.18999,891.996,226.93,12.0,5000613,147.54,1250.0,5300584
32075.31563,20427.18999,1855051344.9468,2.97,24955959.6,3603548,147.54,1250.0,5300584
32075.23878,20427.18999,1040.662,3.5,14.0,3600645,147.54,1250.0,5300584
30180.19612,20427.18999,435309390.3312,8.86,5856206.4,5303991,147.54,1250.0,5300584
32075.22262,20427.18999,1128715414.8732,2.97,15184580.4,3603548,147.54,1250.0,5300584
32075.1894,20427.18999,1114.995,1.59,15.0,3600803,147.54,1250.0,5300584
32075.18262,20427.18999,1326.8440500000002,3.57,17.85,3600709,147.54,1250.0,5300584
32054.0,20427.18999,85514140.1268,1.86,1150419.6,5203940,147.54,1250.0,5300584
31393.312060000004,20427.18999,1821.1585,6.6,24.5,5000601,147.54,1250.0,5300584
31393.30163,20427.18999,194989076.80560002,5.34,2623183.2,5003637,147.54,1250.0,5300584
31393.29065,20427.18999,777106915.1999999,4.92,10454400.0,5003627,147.54,1250.0,5300584
31393.26176,20427.18999,216586173.15719998,4.05,2913728.4,5003643,147.54,1250.0,5300584
37566.33146,20427.18999,84704653.75680001,8.09,1139529.6,5103661,147.54,1250.0,5300584
38753.30942,20427.18999,84186582.48,3.0,1132560.0,5303963,147.54,1250.0,5300584
39263.0,20427.18999,8094863.7,7.87,108900.0,5104029,147.54,1250.0,5300584
37837.0,20427.18999,1097.15508,3.3,14.76,5200632,147.54,1250.0,5300584
40176.0,20427.18999,48569182.199999996,3.0,653400.0,3703851,147.54,1250.0,5300584
39795.0,20427.18999,4856918.22,0.89,65340.0,5104032,147.54,1250.0,5300584
38753.37912,20427.18999,1357.32058,38.99,18.26,3700708,147.54,1250.0,5300584
39446.0,20427.18999,1618972.74,3.0,21780.0,3703825,147.54,1250.0,5300584
38593.0,20427.18999,7350136.2396,5.33,98881.2,5103652,147.54,1250.0,5300584
38753.3752,20427.18999,142436250281.556,13.87,1916191332.0,3704516,147.54,1250.0,5300584
38753.37919,20427.18999,3270.652,3.28,44.0,3701290,147.54,1250.0,5300584
38236.0,20427.18999,11368426580.28,19.64,152939160.0,5101070,147.54,1250.0,5300584
38753.37094,20427.18999,660864672.4679999,6.3,8890596.0,3703513,147.54,1250.0,5300584
38753.37375,20427.18999,1114.995,21.44,15.0,3700848,147.54,1250.0,5300584
40221.0,20427.18999,2266561.836,3.19,30492.0,5104021,147.54,1250.0,5300584
39095.3564,20427.18999,120937263.678,3.42,1626966.0,5103752,147.54,1250.0,5300584
40028.0,20427.18999,5574.974999999999,2.15,75.0,5000576,147.54,1250.0,5300584
39095.36174,20427.18999,278851864.7376,1.42,3751387.2,5104012,147.54,1250.0,5300584
39095.3698,20427.18999,112939538.3424,3.9,1519372.8,5104020,147.54,1250.0,5300584
39095.38998,20427.18999,303191500910.76,2.22,4078827720.0,5103709,147.54,1250.0,5300584
39254.22423,20427.18999,5268137295.96,16.44,70872120.0,5004600,147.54,1250.0,5300584
39095.29887,20427.18999,63787525.956,5.46,858132.0,5104024,147.54,1250.0,5300584
38753.35215,20427.18999,208199894.364,7.52,2800908.0,5303999,147.54,1250.0,5300584
38753.36675,20427.18999,891.996,1.4,12.0,3700835,147.54,1250.0,5300584
38753.35914,20427.18999,890.5093400000001,42.26,11.98,3700613,147.54,1250.0,5300584
54126.0,20427.18999,446054.4,3.28,446054.4,5101205,147.54,1250.0,5300584
58074.57731,20427.18999,18.0,14.0,18.0,5102115,147.54,1250.0,5300584
46097.0,23802.2374,203860800.0,3.72,67953600.0,5102044,3.41,27.7,3700539
42519.0,23802.2374,13068.0,1.21,4356.0,3703883,3.41,27.7,3700539
42520.0,23802.2374,13068.0,20.08,4356.0,3703811,3.41,27.7,3700539
42672.0,23802.2374,26136.0,2.15,8712.0,3703863,3.41,27.7,3700539
45410.0,23802.2374,3267000.0,5.12,1089000.0,5303542,3.41,27.7,3700539
44925.42542,23802.2374,258746.40000000002,15.81,86248.8,3703591,3.41,27.7,3700539
40478.0,23802.2374,13068.0,1.34,4356.0,3703840,3.41,27.7,3700539
55694.0,23802.2374,4560732.0,5.75,1520244.0,3704051,3.41,27.7,3700539
36524.0,23802.2374,5227200.0,5.53,1742400.0,5303562,3.41,27.7,3700539
30894.29745,23802.2374,123753960.0,22.2,41251320.0,3703520,3.41,27.7,3700539
29531.0,23802.2374,13068.0,1.0,4356.0,3703842,3.41,27.7,3700539
40176.0,23802.2374,1960200.0,3.0,653400.0,3703851,3.41,27.7,3700539
46097.0,13028.0,67953600.0,3.72,67953600.0,5102044,1.31,579348.0,5100704
42519.0,13028.0,4356.0,1.21,4356.0,3703883,1.31,579348.0,5100704
42520.0,13028.0,4356.0,20.08,4356.0,3703811,1.31,579348.0,5100704
42672.0,13028.0,8712.0,2.15,8712.0,3703863,1.31,579348.0,5100704
45410.0,13028.0,1089000.0,5.12,1089000.0,5303542,1.31,579348.0,5100704
44925.42542,13028.0,86248.8,15.81,86248.8,3703591,1.31,579348.0,5100704
40478.0,13028.0,4356.0,1.34,4356.0,3703840,1.31,579348.0,5100704
55694.0,13028.0,1520244.0,5.75,1520244.0,3704051,1.31,579348.0,5100704
36524.0,13028.0,1742400.0,5.53,1742400.0,5303562,1.31,579348.0,5100704
30894.29745,13028.0,41251320.0,22.2,41251320.0,3703520,1.31,579348.0,5100704
29531.0,13028.0,4356.0,1.0,4356.0,3703842,1.31,579348.0,5100704
40176.0,13028.0,653400.0,3.0,653400.0,3703851,1.31,579348.0,5100704
20427.18788,13028.0,1256270.4,14.81,1256270.4,3703528,1.31,579348.0,5100704
30870.2208,22061.0,51304968.0,6.94,657756.0,5103714,5.91,25.0,5100810
37905.0,22061.0,1093373424.0,5.93,14017608.0,5103694,5.91,25.0,5100810
57340.0,50386.0,2861892.0,9.57,317988.0,5003687,13.16,2613295080.0,5003668
57513.0,50386.0,5919804.0,4.73,657756.0,5003688,13.16,2613295080.0,5003668
53680.0,50386.0,7966252.8,4.06,885139.2,5003620,13.16,2613295080.0,5003668
52960.30683,50386.0,548856.0,8.2,60984.0,5003674,13.16,2613295080.0,5003668
52960.39598,50386.0,548856.0,1.96,60984.0,5003675,13.16,2613295080.0,5003668
52976.0,50386.0,2352240000.0,13.16,261360000.0,5003668,13.16,2613295080.0,5003668
55152.54421,50386.0,1960200.0,12.52,217800.0,5003680,13.16,2613295080.0,5003668
54250.0,50386.0,180.0,13.07,20.0,5002000,13.16,2613295080.0,5003668
54377.0,50386.0,5040066240.0,13.16,560007360.0,5003668,13.16,2613295080.0,5003668
56247.5579,50386.0,2352240.0,1.08,261360.0,5003681,13.16,2613295080.0,5003668
33070.0,21853.0,2365.5,13.51,62.25,5000606,12.25,86.0,5000593
36040.0,21853.0,1777108608.0,21.16,46766016.0,5003625,12.25,86.0,5000593
53631.0,22729.14873,2256668.4888,8.56,35283.6,7201631,12.41,10405612.8,7203873
44925.44345,22729.14873,1615886.0784,8.89,25264.8,7204091,12.41,10405612.8,7203873
34419.308880000004,22729.14873,26132778.3024,12.27,408592.8,7203868,12.41,10405612.8,7203873
57343.56779,22729.14873,1002963.7728,8.89,15681.6,7203737,12.41,10405612.8,7203873
41912.0,22729.14873,22288083.84,9.59,348480.0,7204087,12.41,10405612.8,7203873
47481.14857,46034.0,59902583.796000004,53.2,971388.0,3803746,19.34,89298000.0,3803875
47796.0,46034.0,5372429.04,52.96,87120.0,3803776,19.34,89298000.0,3803875
30895.27237,14102.0,33666173.64,10.3,1463746.68,7203903,4.79,15.7,7200870
18749.15973,14102.0,288972248.40000004,13.74,12564010.8,7203906,4.79,15.7,7200870
18749.1595,14102.0,1583972280.0,13.07,68868360.0,7203905,4.79,15.7,7200870
14122.0,14102.0,302.634,5.07,13.158,7200533,4.79,15.7,7200870
18749.17412,14102.0,959099724.0,12.34,41699988.0,7203909,4.79,15.7,7200870
37486.0,14102.0,33562980000.0,33.64,1459260000.0,7203844,4.79,15.7,7200870
41443.0,14102.0,500940.0,15.29,21780.0,7203577,4.79,15.7,7200870
30895.26137,14102.0,48090240.0,1.41,2090880.0,7203913,4.79,15.7,7200870
37486.0,13891.0,36481500000.0,33.64,1459260000.0,7203844,5.87,18.72,7200799
30895.2321,13891.0,98815860.0,10.43,3952634.4,7203929,5.87,18.72,7200799
37620.0,13891.0,544500.0,6.68,21780.0,7203570,5.87,18.72,7200799
30895.226000000002,13891.0,65666700.0,11.01,2626668.0,7203931,5.87,18.72,7200799
34419.25733,13891.0,152460000.0,10.89,6098400.0,7203926,5.87,18.72,7200799
30895.26528,13891.0,120759210.00000001,11.01,4830368.4,7203931,5.87,18.72,7200799
34419.23861,13891.0,59895000.0,10.05,2395800.0,7203924,5.87,18.72,7200799
34419.23541,13891.0,163350000.0,11.37,6534000.0,7203925,5.87,18.72,7200799
18749.16276,13891.0,2012472000.0,10.44,80498880.0,7203923,5.87,18.72,7200799
18749.1738,13891.0,217800000.0,10.89,8712000.0,7203926,5.87,18.72,7200799
18749.17015,13891.0,174240000.0,11.37,6969600.0,7203925,5.87,18.72,7200799
53691.50525,13891.0,4445733.600000001,2.3,105850.8,7204074,5.87,18.72,7200799
56854.0,13891.0,292723.2,3.06,6969.6,7203732,5.87,18.72,7200799
46751.25987,13891.0,457380.0,2.86,10890.0,7203951,5.87,18.72,7200799
51134.5081,30941.1331,3448536.3000000003,1.14,108900.0,3804158,1.0,15.0,3800768
39617.14256,30941.1331,37244192.04,2.78,1176120.0,3803830,1.0,15.0,3800768
45712.0,30941.1331,443.338,0.01,14.0,3802000,1.0,15.0,3800768
35279.0,30941.1331,491.78851000000003,2.39,15.53,3802113,1.0,15.0,3800768
51424.0,30941.1331,1379414.52,1.31,43560.0,3804138,1.0,15.0,3800768
50769.50129,30941.1331,510383.37240000005,1.56,16117.2,3804092,1.0,15.0,3800768
50403.50302,30941.1331,55176580.800000004,1.14,1742400.0,3804074,1.0,15.0,3800768
48577.39291,45118.0,2500.0,35.71,100.0,3804625,23.52,200.0,3802020
46751.46599,13780.0,275.0,2.34,11.0,7201334,8.4,16.62,7200784
52960.52365,13780.0,8058600.0,6.0,322344.0,7204030,8.4,16.62,7200784
