PageNumber,PageCount,ResultCount,ResultDateTime
1,1,790,2021-01-25T13:15:06.3060145-07:00
stationNum,siteId,measType,measDate,value,flagA,flagB,flagC,flagD,dataSource,modified,measUnit
4653,US1COME0010,Precip,2003-07-10T00:00:00.0000000-06:00,0.000000,,,N,,NOAA,2013-08-08T07:39:21.5800000-06:00,in
4653,US1COME0010,Precip,2003-07-16T00:00:00.0000000-06:00,0.000000,,,N,,NOAA,2013-08-08T07:39:21.5800000-06:00,in
4653,US1COME0010,Precip,2003-07-17T00:00:00.0000000-06:00,0.000000,,,N,,NOAA,2013-08-08T07:39:21.5800000-06:00,in
4653,US1COME0010,Precip,2003-07-19T00:00:00.0000000-06:00,0.000000,,,N,,NOAA,2013-08-08T07:39:21.5800000-06:00,in
4653,US1COME0010,Precip,2003-07-20T00:00:00.0000000-06:00,0.000000,T,,N,,NOAA,2013-08-08T07:39:21.5800000-06:00,in
4653,US1COME0010,Precip,2003-07-22T00:00:00.0000000-06:00,0.000000,,,N,,NOAA,2013-08-08T07:39:21.5800000-06:00,in
4653,US1COME0010,Precip,2003-07-23T00:00:00.0000000-06:00,0.000000,,,N,,NOAA,2013-08-08T07:39:21.5800000-06:00,in
4653,US1COME0010,Precip,2003-07-24T00:00:00.0000000-06:00,0.000000,,,N,,NOAA,2013-08-08T07:39:21.5800000-06:00,in
4653,US1COME0010,Precip,2003-07-25T00:00:00.0000000-06:00,0.000000,T,,N,,NOAA,2013-08-08T07:39:21.5800000-06:00,in
4653,US1COME0010,Precip,2003-07-26T00:00:00.0000000-06:00,0.000000,,,N,,NOAA,2013-08-08T07:39:21.5800000-06:00,in
4653,US1COME0010,Precip,2003-07-28T00:00:00.0000000-06:00,0.000000,,,N,,NOAA,2013-08-08T07:39:21.5800000-06:00,in
4653,US1COME0010,Precip,2003-07-29T00:00:00.0000000-06:00,0.000000,T,,N,,NOAA,2013-08-08T07:39:21.5800000-06:00,in
4653,US1COME0010,Precip,2003-07-30T00:00:00.0000000-06:00,0.000000,,,N,,NOAA,2013-08-08T07:39:21.5800000-06:00,in
4653,US1COME0010,Precip,2003-08-01T00:00:00.0000000-06:00,0.000000,,,N,,NOAA,2013-08-08T07:39:21.5800000-06:00,in
4653,US1COME0010,Precip,2003-08-03T00:00:00.0000000-06:00,0.000000,T,,N,,NOAA,2013-08-08T07:39:21.5800000-06:00,in
4653,US1COME0010,Precip,2003-08-04T00:00:00.0000000-06:00,0.098425,,,N,,NOAA,2013-08-08T07:39:21.5800000-06:00,in
4653,US1COME0010,Precip,2003-08-05T00:00:00.0000000-06:00,0.000000,,,N,,NOAA,2013-08-08T07:39:21.5800000-06:00,in
4653,US1COME0010,Precip,2003-08-07T00:00:00.0000000-06:00,0.000000,,,N,,NOAA,2013-08-08T07:39:21.5800000-06:00,in
4653,US1COME0010,Precip,2003-08-08T00:00:00.0000000-06:00,0.059055,,,N,,NOAA,2013-08-08T07:39:21.5800000-06:00,in
4653,US1COME0010,Precip,2003-08-09T00:00:00.0000000-06:00,0.000000,,,N,,NOAA,2013-08-08T07:39:21.5800000-06:00,in
4653,US1COME0010,Precip,2003-08-11T00:00:00.0000000-06:00,0.000000,,,N,,NOAA,2013-08-08T07:39:21.5800000-06:00,in
4653,US1COME0010,Precip,2003-08-12T00:00:00.0000000-06:00,0.000000,T,,N,,NOAA,2013-08-08T07:39:21.5800000-06:00,in
4653,US1COME0010,Precip,2003-08-13T00:00:00.0000000-06:00,0.019685,,,N,,NOAA,2013-08-08T07:39:21.5800000-06:00,in
4653,US1COME0010,Precip,2003-08-14T00:00:00.0000000-06:00,0.000000,,,N,,NOAA,2013-08-08T07:39:21.5800000-06:00,in
4653,US1COME0010,Precip,2003-08-15T00:00:00.0000000-06:00,0.019685,,,N,,NOAA,2013-08-08T07:39:21.5800000-06:00,in
4653,US1COME0010,Precip,2003-08-16T00:00:00.0000000-06:00,0.000000,,,N,,NOAA,2013-08-08T07:39:21.5800000-06:00,in
4653,US1COME0010,Precip,2003-08-17T00:00:00.0000000-06:00,0.000000,,,N,,NOAA,2013-08-08T07:39:21.5800000-06:00,in
4653,US1COME0010,Precip,2003-08-18T00:00:00.0000000-06:00,0.000000,,,N,,NOAA,2013-08-08T07:39:21.5800000-06:00,in
4653,US1COME0010,Precip,2003-08-19T00:00:00.0000000-06:00,0.000000,,,N,,NOAA,2013-08-08T07:39:21.5800000-06:00,in
4653,US1COME0010,Precip,2003-08-20T00:00:00.0000000-06:00,0.000000,,,N,,NOAA,2013-08-08T07:39:21.5800000-06:00,in
4653,US1COME0010,Precip,2003-08-22T00:00:00.0000000-06:00,0.000000,T,,N,,NOAA,2013-08-08T07:39:21.5800000-06:00,in
4653,US1COME0010,Precip,2003-08-23T00:00:00.0000000-06:00,0.169291,,,N,,NOAA,2013-08-08T07:39:21.5800000-06:00,in
4653,US1COME0010,Precip,2003-08-24T00:00:00.0000000-06:00,0.000000,,,N,,NOAA,2013-08-08T07:39:21.5800000-06:00,in
4653,US1COME0010,Precip,2003-08-26T00:00:00.0000000-06:00,0.000000,,,N,,NOAA,2013-08-08T07:39:21.5800000-06:00,in
4653,US1COME0010,Precip,2003-08-27T00:00:00.0000000-06:00,0.000000,,,N,,NOAA,2013-08-08T07:39:21.5800000-06:00,in
4653,US1COME0010,Precip,2003-08-28T00:00:00.0000000-06:00,0.000000,,,N,,NOAA,2013-08-08T07:39:21.5800000-06:00,in
4653,US1COME0010,Precip,2003-08-30T00:00:00.0000000-06:00,0.031496,,,N,,NOAA,2013-08-08T07:39:21.5800000-06:00,in
4653,US1COME0010,Precip,2003-09-03T00:00:00.0000000-06:00,0.000000,T,,N,,NOAA,2013-08-08T07:39:21.5800000-06:00,in
4653,US1COME0010,Precip,2003-09-04T00:00:00.0000000-06:00,0.000000,,,N,,NOAA,2013-08-08T07:39:21.5800000-06:00,in
4653,US1COME0010,Precip,2003-09-05T00:00:00.0000000-06:00,0.000000,,,N,,NOAA,2013-08-08T07:39:21.5800000-06:00,in
4653,US1COME0010,Precip,2003-09-06T00:00:00.0000000-06:00,0.019685,,,N,,NOAA,2013-08-08T07:39:21.5800000-06:00,in
4653,US1COME0010,Precip,2003-09-07T00:00:00.0000000-06:00,0.118110,,,N,,NOAA,2013-08-08T07:39:21.5800000-06:00,in
4653,US1COME0010,Precip,2003-09-08T00:00:00.0000000-06:00,0.000000,,,N,,NOAA,2013-08-08T07:39:21.5800000-06:00,in
4653,US1COME0010,Precip,2003-09-09T00:00:00.0000000-06:00,0.279528,,,N,,NOAA,2013-08-08T07:39:21.5800000-06:00,in
4653,US1COME0010,Precip,2003-09-10T00:00:00.0000000-06:00,0.551181,,,N,,NOAA,2013-08-08T07:39:21.5800000-06:00,in
4653,US1COME0010,Precip,2003-09-11T00:00:00.0000000-06:00,0.381890,,,N,,NOAA,2013-08-08T07:39:21.5800000-06:00,in
4653,US1COME0010,Precip,2003-09-12T00:00:00.0000000-06:00,0.000000,,,N,,NOAA,2013-08-08T07:39:21.5800000-06:00,in
4653,US1COME0010,Precip,2003-09-17T00:00:00.0000000-06:00,0.000000,,,N,,NOAA,2013-08-08T07:39:21.5800000-06:00,in
4653,US1COME0010,Precip,2003-09-30T00:00:00.0000000-06:00,0.000000,,,N,,NOAA,2013-08-08T07:39:21.5800000-06:00,in
4653,US1COME0010,Precip,2003-10-02T00:00:00.0000000-06:00,0.051181,,,N,,NOAA,2013-08-08T07:39:21.5800000-06:00,in
4653,US1COME0010,Precip,2003-10-03T00:00:00.0000000-06:00,0.000000,T,,N,,NOAA,2013-08-08T07:39:21.5800000-06:00,in
4653,US1COME0010,Precip,2003-10-04T00:00:00.0000000-06:00,0.051181,,,N,,NOAA,2013-08-08T07:39:21.5800000-06:00,in
4653,US1COME0010,Precip,2003-10-05T00:00:00.0000000-06:00,0.000000,,,N,,NOAA,2013-08-08T07:39:21.5800000-06:00,in
4653,US1COME0010,Precip,2003-10-07T00:00:00.0000000-06:00,0.000000,,,N,,NOAA,2013-08-08T07:39:21.5800000-06:00,in
4653,US1COME0010,Precip,2003-10-09T00:00:00.0000000-06:00,0.000000,,,N,,NOAA,2013-08-08T07:39:21.5800000-06:00,in
4653,US1COME0010,Precip,2003-10-26T00:00:00.0000000-06:00,0.000000,,,N,,NOAA,2013-08-08T07:39:21.5800000-06:00,in
4653,US1COME0010,Precip,2003-10-28T00:00:00.0000000-07:00,0.000000,,,N,,NOAA,2013-08-08T07:39:21.5800000-06:00,in
4653,US1COME0010,Precip,2003-10-30T00:00:00.0000000-07:00,0.000000,,,N,,NOAA,2013-08-08T07:39:21.5800000-06:00,in
4653,US1COME0010,Precip,2003-10-31T00:00:00.0000000-07:00,0.000000,,,N,,NOAA,2013-08-08T07:39:21.5800000-06:00,in
4653,US1COME0010,Precip,2003-11-01T00:00:00.0000000-07:00,0.000000,,,N,,NOAA,2013-08-08T07:39:21.5800000-06:00,in
4653,US1COME0010,Precip,2003-11-02T00:00:00.0000000-07:00,0.070866,,,N,,NOAA,2013-08-08T07:39:21.5800000-06:00,in
4653,US1COME0010,Precip,2003-11-03T00:00:00.0000000-07:00,0.118110,,,N,,NOAA,2013-08-08T07:39:21.5800000-06:00,in
4653,US1COME0010,Precip,2003-11-04T00:00:00.0000000-07:00,0.039370,,,N,,NOAA,2013-08-08T07:39:21.5800000-06:00,in
4653,US1COME0010,Precip,2003-11-05T00:00:00.0000000-07:00,0.000000,,,N,,NOAA,2013-08-08T07:39:21.5800000-06:00,in
4653,US1COME0010,Precip,2003-11-06T00:00:00.0000000-07:00,0.000000,,,N,,NOAA,2013-08-08T07:39:21.5800000-06:00,in
4653,US1COME0010,Precip,2003-11-07T00:00:00.0000000-07:00,0.000000,,,N,,NOAA,2013-08-08T07:39:21.5800000-06:00,in
4653,US1COME0010,Precip,2003-11-10T00:00:00.0000000-07:00,0.208661,,,N,,NOAA,2013-08-08T07:39:21.5800000-06:00,in
4653,US1COME0010,Precip,2003-11-11T00:00:00.0000000-07:00,0.078740,,,N,,NOAA,2013-08-08T07:39:21.5800000-06:00,in
4653,US1COME0010,Precip,2003-11-13T00:00:00.0000000-07:00,0.019685,,,N,,NOAA,2013-08-08T07:39:21.5800000-06:00,in
4653,US1COME0010,Precip,2003-11-14T00:00:00.0000000-07:00,0.118110,,,N,,NOAA,2013-08-08T07:39:21.5800000-06:00,in
4653,US1COME0010,Precip,2003-11-18T00:00:00.0000000-07:00,0.039370,,,N,,NOAA,2013-08-08T07:39:21.5800000-06:00,in
4653,US1COME0010,Precip,2003-11-19T00:00:00.0000000-07:00,0.000000,,,N,,NOAA,2013-08-08T07:39:21.5800000-06:00,in
4653,US1COME0010,Precip,2003-11-20T00:00:00.0000000-07:00,0.000000,,,N,,NOAA,2013-08-08T07:39:21.5800000-06:00,in
4653,US1COME0010,Precip,2003-11-21T00:00:00.0000000-07:00,0.000000,,,N,,NOAA,2013-08-08T07:39:21.5800000-06:00,in
4653,US1COME0010,Precip,2003-11-22T00:00:00.0000000-07:00,0.110236,,,N,,NOAA,2013-08-08T07:39:21.5800000-06:00,in
4653,US1COME0010,Precip,2003-11-23T00:00:00.0000000-07:00,0.000000,T,,N,,NOAA,2013-08-08T07:39:21.5800000-06:00,in
4653,US1COME0010,Precip,2003-11-24T00:00:00.0000000-07:00,0.000000,,,N,,NOAA,2013-08-08T07:39:21.5800000-06:00,in
4653,US1COME0010,Precip,2003-11-25T00:00:00.0000000-07:00,0.000000,,,N,,NOAA,2013-08-08T07:39:21.5800000-06:00,in
4653,US1COME0010,Precip,2003-11-26T00:00:00.0000000-07:00,0.000000,T,,N,,NOAA,2013-08-08T07:39:21.5800000-06:00,in
4653,US1COME0010,Precip,2003-11-30T00:00:00.0000000-07:00,0.000000,,,N,,NOAA,2013-08-08T07:39:21.5800000-06:00,in
4653,US1COME0010,Precip,2003-12-01T00:00:00.0000000-07:00,0.000000,,,N,,NOAA,2013-08-08T07:39:21.5800000-06:00,in
4653,US1COME0010,Precip,2003-12-02T00:00:00.0000000-07:00,0.000000,,,N,,NOAA,2013-08-08T07:39:21.5800000-06:00,in
4653,US1COME0010,Precip,2003-12-03T00:00:00.0000000-07:00,0.000000,,,N,,NOAA,2013-08-08T07:39:21.5800000-06:00,in
4653,US1COME0010,Precip,2003-12-04T00:00:00.0000000-07:00,0.000000,,,N,,NOAA,2013-08-08T07:39:21.5800000-06:00,in
4653,US1COME0010,Precip,2003-12-05T00:00:00.0000000-07:00,0.000000,,,N,,NOAA,2013-08-08T07:39:21.5800000-06:00,in
4653,US1COME0010,Precip,2003-12-06T00:00:00.0000000-07:00,0.000000,,,N,,NOAA,2013-08-08T07:39:21.5800000-06:00,in
4653,US1COME0010,Precip,2003-12-07T00:00:00.0000000-07:00,0.000000,,,N,,NOAA,2013-08-08T07:39:21.5800000-06:00,in
4653,US1COME0010,Precip,2003-12-08T00:00:00.0000000-07:00,0.311024,,,N,,NOAA,2013-08-08T07:39:21.5800000-06:00,in
4653,US1COME0010,Precip,2003-12-09T00:00:00.0000000-07:00,0.059055,,,N,,NOAA,2013-08-08T07:39:21.5800000-06:00,in
4653,US1COME0010,Precip,2003-12-10T00:00:00.0000000-07:00,0.000000,,,N,,NOAA,2013-08-08T07:39:21.5800000-06:00,in
4653,US1COME0010,Precip,2003-12-11T00:00:00.0000000-07:00,0.000000,,,N,,NOAA,2013-08-08T07:39:21.5800000-06:00,in
4653,US1COME0010,Precip,2003-12-12T00:00:00.0000000-07:00,0.000000,,,N,,NOAA,2013-08-08T07:39:21.5800000-06:00,in
4653,US1COME0010,Precip,2003-12-13T00:00:00.0000000-07:00,0.000000,,,N,,NOAA,2013-08-08T07:39:21.5800000-06:00,in
4653,US1COME0010,Precip,2003-12-14T00:00:00.0000000-07:00,0.000000,,,N,,NOAA,2013-08-08T07:39:21.5800000-06:00,in
4653,US1COME0010,Precip,2003-12-16T00:00:00.0000000-07:00,0.000000,,,N,,NOAA,2013-08-08T07:39:21.5800000-06:00,in
4653,US1COME0010,Precip,2003-12-17T00:00:00.0000000-07:00,0.000000,,,N,,NOAA,2013-08-08T07:39:21.5800000-06:00,in
4653,US1COME0010,Precip,2003-12-18T00:00:00.0000000-07:00,0.000000,,,N,,NOAA,2013-08-08T07:39:21.5800000-06:00,in
4653,US1COME0010,Precip,2003-12-19T00:00:00.0000000-07:00,0.000000,,,N,,NOAA,2013-08-08T07:39:21.5800000-06:00,in
4653,US1COME0010,Precip,2003-12-20T00:00:00.0000000-07:00,0.000000,,,N,,NOAA,2013-08-08T07:39:21.5800000-06:00,in
4653,US1COME0010,Precip,2003-12-21T00:00:00.0000000-07:00,0.000000,,,N,,NOAA,2013-08-08T07:39:21.5800000-06:00,in
4653,US1COME0010,Precip,2003-12-22T00:00:00.0000000-07:00,0.000000,,,N,,NOAA,2013-08-08T07:39:21.5800000-06:00,in
4653,US1COME0010,Precip,2003-12-23T00:00:00.0000000-07:00,0.000000,,,N,,NOAA,2013-08-08T07:39:21.5800000-06:00,in
4653,US1COME0010,Precip,2003-12-24T00:00:00.0000000-07:00,0.000000,,,N,,NOAA,2013-08-08T07:39:21.5800000-06:00,in
4653,US1COME0010,Precip,2003-12-27T00:00:00.0000000-07:00,0.051181,,,N,,NOAA,2013-08-08T07:39:21.5800000-06:00,in
4653,US1COME0010,Precip,2003-12-28T00:00:00.0000000-07:00,0.000000,,,N,,NOAA,2013-08-08T07:39:21.5800000-06:00,in
4653,US1COME0010,Precip,2003-12-30T00:00:00.0000000-07:00,0.019685,,,N,,NOAA,2013-08-08T07:39:21.5800000-06:00,in
4653,US1COME0010,Precip,2003-12-31T00:00:00.0000000-07:00,0.090551,,,N,,NOAA,2013-08-08T07:39:21.5800000-06:00,in
4653,US1COME0010,Precip,2004-01-01T00:00:00.0000000-07:00,0.000000,,,N,,NOAA,2013-08-08T07:39:21.5800000-06:00,in
4653,US1COME0010,Precip,2004-01-02T00:00:00.0000000-07:00,0.228346,,,N,,NOAA,2013-08-08T07:39:21.5800000-06:00,in
4653,US1COME0010,Precip,2004-01-04T00:00:00.0000000-07:00,0.850394,,,N,,NOAA,2013-08-08T07:39:21.5800000-06:00,in
4653,US1COME0010,Precip,2004-01-05T00:00:00.0000000-07:00,0.000000,,,N,,NOAA,2013-08-08T07:39:21.5800000-06:00,in
4653,US1COME0010,Precip,2004-01-07T00:00:00.0000000-07:00,0.000000,T,,N,,NOAA,2013-08-08T07:39:21.5800000-06:00,in
4653,US1COME0010,Precip,2004-01-08T00:00:00.0000000-07:00,0.019685,,,N,,NOAA,2013-08-08T07:39:21.5800000-06:00,in
4653,US1COME0010,Precip,2004-01-09T00:00:00.0000000-07:00,0.000000,,,N,,NOAA,2013-08-08T07:39:21.5800000-06:00,in
4653,US1COME0010,Precip,2004-01-10T00:00:00.0000000-07:00,0.000000,,,N,,NOAA,2013-08-08T07:39:21.5800000-06:00,in
4653,US1COME0010,Precip,2004-01-11T00:00:00.0000000-07:00,0.000000,,,N,,NOAA,2013-08-08T07:39:21.5800000-06:00,in
4653,US1COME0010,Precip,2004-01-12T00:00:00.0000000-07:00,0.000000,,,N,,NOAA,2013-08-08T07:39:21.5800000-06:00,in
4653,US1COME0010,Precip,2004-01-13T00:00:00.0000000-07:00,0.000000,,,N,,NOAA,2013-08-08T07:39:21.5800000-06:00,in
4653,US1COME0010,Precip,2004-01-14T00:00:00.0000000-07:00,0.000000,,,N,,NOAA,2013-08-08T07:39:21.5800000-06:00,in
4653,US1COME0010,Precip,2004-01-15T00:00:00.0000000-07:00,0.000000,,,N,,NOAA,2013-08-08T07:39:21.5800000-06:00,in
4653,US1COME0010,Precip,2004-01-19T00:00:00.0000000-07:00,0.000000,,,N,,NOAA,2013-08-08T07:39:21.5800000-06:00,in
4653,US1COME0010,Precip,2004-01-20T00:00:00.0000000-07:00,0.000000,,,N,,NOAA,2013-08-08T07:39:21.5800000-06:00,in
4653,US1COME0010,Precip,2004-01-21T00:00:00.0000000-07:00,0.000000,,,N,,NOAA,2013-08-08T07:39:21.5800000-06:00,in
4653,US1COME0010,Precip,2004-01-22T00:00:00.0000000-07:00,0.000000,,,N,,NOAA,2013-08-08T07:39:21.5800000-06:00,in
4653,US1COME0010,Precip,2004-01-26T00:00:00.0000000-07:00,0.051181,,,N,,NOAA,2013-08-08T07:39:21.5800000-06:00,in
4653,US1COME0010,Precip,2004-01-27T00:00:00.0000000-07:00,0.000000,,,N,,NOAA,2013-08-08T07:39:21.5800000-06:00,in
4653,US1COME0010,Precip,2004-01-28T00:00:00.0000000-07:00,0.000000,,,N,,NOAA,2013-08-08T07:39:21.5800000-06:00,in
4653,US1COME0010,Precip,2004-01-29T00:00:00.0000000-07:00,0.000000,,,N,,NOAA,2013-08-08T07:39:21.5800000-06:00,in
4653,US1COME0010,Precip,2004-02-01T00:00:00.0000000-07:00,0.039370,,,N,,NOAA,2013-08-08T07:39:21.5800000-06:00,in
4653,US1COME0010,Precip,2004-02-02T00:00:00.0000000-07:00,0.000000,,,N,,NOAA,2013-08-08T07:39:21.5800000-06:00,in
4653,US1COME0010,Precip,2004-02-03T00:00:00.0000000-07:00,0.000000,,,N,,NOAA,2013-08-08T07:39:21.5800000-06:00,in
4653,US1COME0010,Precip,2004-02-05T00:00:00.0000000-07:00,0.299213,,,N,,NOAA,2013-08-08T07:39:21.5800000-06:00,in
4653,US1COME0010,Precip,2004-02-08T00:00:00.0000000-07:00,0.031496,,,N,,NOAA,2013-08-08T07:39:21.5800000-06:00,in
4653,US1COME0010,Precip,2004-02-09T00:00:00.0000000-07:00,0.000000,,,N,,NOAA,2013-08-08T07:39:21.5800000-06:00,in
4653,US1COME0010,Precip,2004-02-10T00:00:00.0000000-07:00,0.000000,,,N,,NOAA,2013-08-08T07:39:21.5800000-06:00,in
4653,US1COME0010,Precip,2004-02-11T00:00:00.0000000-07:00,0.000000,,,N,,NOAA,2013-08-08T07:39:21.5800000-06:00,in
4653,US1COME0010,Precip,2004-02-12T00:00:00.0000000-07:00,0.000000,,,N,,NOAA,2013-08-08T07:39:21.5800000-06:00,in
4653,US1COME0010,Precip,2004-02-18T00:00:00.0000000-07:00,0.000000,,,N,,NOAA,2013-08-08T07:39:21.5800000-06:00,in
4653,US1COME0010,Precip,2004-02-23T00:00:00.0000000-07:00,0.000000,T,,N,,NOAA,2013-08-08T07:39:21.5800000-06:00,in
4653,US1COME0010,Precip,2004-02-24T00:00:00.0000000-07:00,0.000000,,,N,,NOAA,2013-08-08T07:39:21.5800000-06:00,in
4653,US1COME0010,Precip,2004-02-25T00:00:00.0000000-07:00,0.039370,,,N,,NOAA,2013-08-08T07:39:21.5800000-06:00,in
4653,US1COME0010,Precip,2004-02-27T00:00:00.0000000-07:00,0.011811,,,N,,NOAA,2013-08-08T07:39:21.5800000-06:00,in
4653,US1COME0010,Precip,2004-03-04T00:00:00.0000000-07:00,0.000000,T,,N,,NOAA,2013-08-08T07:39:21.5800000-06:00,in
4653,US1COME0010,Precip,2004-03-09T00:00:00.0000000-07:00,0.000000,,,N,,NOAA,2013-08-08T07:39:21.5800000-06:00,in
4653,US1COME0010,Precip,2004-03-22T00:00:00.0000000-07:00,0.000000,,,N,,NOAA,2013-08-08T07:39:21.5800000-06:00,in
4653,US1COME0010,Precip,2004-03-23T00:00:00.0000000-07:00,0.000000,,,N,,NOAA,2013-08-08T07:39:21.5800000-06:00,in
4653,US1COME0010,Precip,2004-03-24T00:00:00.0000000-07:00,0.000000,T,,N,,NOAA,2013-08-08T07:39:21.5800000-06:00,in
4653,US1COME0010,Precip,2004-03-25T00:00:00.0000000-07:00,0.059055,,,N,,NOAA,2013-08-08T07:39:21.5800000-06:00,in
4653,US1COME0010,Precip,2004-03-29T00:00:00.0000000-07:00,0.000000,,,N,,NOAA,2013-08-08T07:39:21.5800000-06:00,in
4653,US1COME0010,Precip,2004-03-31T00:00:00.0000000-07:00,0.000000,,,N,,NOAA,2013-08-08T07:39:21.5800000-06:00,in
4653,US1COME0010,Precip,2004-04-01T00:00:00.0000000-07:00,0.000000,,,N,,NOAA,2013-08-08T07:39:21.5800000-06:00,in
4653,US1COME0010,Precip,2004-04-02T00:00:00.0000000-07:00,0.000000,,,N,,NOAA,2013-08-08T07:39:21.5800000-06:00,in
4653,US1COME0010,Precip,2004-04-03T00:00:00.0000000-07:00,0.000000,,,N,,NOAA,2013-08-08T07:39:21.5800000-06:00,in
4653,US1COME0010,Precip,2004-04-05T00:00:00.0000000-06:00,0.488189,,,N,,NOAA,2013-08-08T07:39:21.5800000-06:00,in
4653,US1COME0010,Precip,2004-04-06T00:00:00.0000000-06:00,0.129921,,,N,,NOAA,2013-08-08T07:39:21.5800000-06:00,in
4653,US1COME0010,Precip,2004-04-07T00:00:00.0000000-06:00,0.000000,,,N,,NOAA,2013-08-08T07:39:21.5800000-06:00,in
4653,US1COME0010,Precip,2004-04-08T00:00:00.0000000-06:00,0.110236,,,N,,NOAA,2013-08-08T07:39:21.5800000-06:00,in
4653,US1COME0010,Precip,2004-04-09T00:00:00.0000000-06:00,0.078740,,,N,,NOAA,2013-08-08T07:39:21.5800000-06:00,in
4653,US1COME0010,Precip,2004-04-12T00:00:00.0000000-06:00,0.000000,,,N,,NOAA,2013-08-08T07:39:21.5800000-06:00,in
4653,US1COME0010,Precip,2004-04-13T00:00:00.0000000-06:00,0.000000,,,N,,NOAA,2013-08-08T07:39:21.5800000-06:00,in
4653,US1COME0010,Precip,2004-04-14T00:00:00.0000000-06:00,0.000000,,,N,,NOAA,2013-08-08T07:39:21.5800000-06:00,in
4653,US1COME0010,Precip,2004-04-15T00:00:00.0000000-06:00,0.000000,,,N,,NOAA,2013-08-08T07:39:21.5800000-06:00,in
4653,US1COME0010,Precip,2004-04-16T00:00:00.0000000-06:00,0.000000,,,N,,NOAA,2013-08-08T07:39:21.5800000-06:00,in
4653,US1COME0010,Precip,2004-04-18T00:00:00.0000000-06:00,0.271654,,,N,,NOAA,2013-08-08T07:39:21.5800000-06:00,in
4653,US1COME0010,Precip,2004-04-19T00:00:00.0000000-06:00,0.019685,,,N,,NOAA,2013-08-08T07:39:21.5800000-06:00,in
4653,US1COME0010,Precip,2004-04-20T00:00:00.0000000-06:00,0.000000,,,N,,NOAA,2013-08-08T07:39:21.5800000-06:00,in
4653,US1COME0010,Precip,2004-04-21T00:00:00.0000000-06:00,0.000000,,,N,,NOAA,2013-08-08T07:39:21.5800000-06:00,in
4653,US1COME0010,Precip,2004-04-22T00:00:00.0000000-06:00,0.188976,,,N,,NOAA,2013-08-08T07:39:21.5800000-06:00,in
4653,US1COME0010,Precip,2004-04-23T00:00:00.0000000-06:00,0.551181,,,N,,NOAA,2013-08-08T07:39:21.5800000-06:00,in
4653,US1COME0010,Precip,2004-04-24T00:00:00.0000000-06:00,0.000000,,,N,,NOAA,2013-08-08T07:39:21.5800000-06:00,in
4653,US1COME0010,Precip,2004-04-25T00:00:00.0000000-06:00,0.019685,,,N,,NOAA,2013-08-08T07:39:21.5800000-06:00,in
4653,US1COME0010,Precip,2004-04-26T00:00:00.0000000-06:00,0.000000,,,N,,NOAA,2013-08-08T07:39:21.5800000-06:00,in
4653,US1COME0010,Precip,2004-04-27T00:00:00.0000000-06:00,0.000000,,,N,,NOAA,2013-08-08T07:39:21.5800000-06:00,in
4653,US1COME0010,Precip,2004-04-28T00:00:00.0000000-06:00,0.000000,,,N,,NOAA,2013-08-08T07:39:21.5800000-06:00,in
4653,US1COME0010,Precip,2004-04-29T00:00:00.0000000-06:00,0.000000,,,N,,NOAA,2013-08-08T07:39:21.5800000-06:00,in
4653,US1COME0010,Precip,2004-05-03T00:00:00.0000000-06:00,0.000000,,,N,,NOAA,2013-08-08T07:39:21.5800000-06:00,in
4653,US1COME0010,Precip,2004-05-04T00:00:00.0000000-06:00,0.000000,,,N,,NOAA,2013-08-08T07:39:21.5800000-06:00,in
4653,US1COME0010,Precip,2004-05-05T00:00:00.0000000-06:00,0.000000,,,N,,NOAA,2013-08-08T07:39:21.5800000-06:00,in
4653,US1COME0010,Precip,2004-05-06T00:00:00.0000000-06:00,0.000000,,,N,,NOAA,2013-08-08T07:39:21.5800000-06:00,in
4653,US1COME0010,Precip,2004-05-07T00:00:00.0000000-06:00,0.000000,,,N,,NOAA,2013-08-08T07:39:21.5800000-06:00,in
4653,US1COME0010,Precip,2004-05-10T00:00:00.0000000-06:00,0.000000,,,N,,NOAA,2013-08-08T07:39:21.5800000-06:00,in
4653,US1COME0010,Precip,2004-05-11T00:00:00.0000000-06:00,0.000000,,,N,,NOAA,2013-08-08T07:39:21.5800000-06:00,in
4653,US1COME0010,Precip,2004-05-12T00:00:00.0000000-06:00,0.000000,,,N,,NOAA,2013-08-08T07:39:21.5800000-06:00,in
4653,US1COME0010,Precip,2004-05-13T00:00:00.0000000-06:00,0.110236,,,N,,NOAA,2013-08-08T07:39:21.5800000-06:00,in
4653,US1COME0010,Precip,2004-05-18T00:00:00.0000000-06:00,0.000000,,,N,,NOAA,2013-08-08T07:39:21.5800000-06:00,in
4653,US1COME0010,Precip,2004-05-20T00:00:00.0000000-06:00,0.000000,,,N,,NOAA,2013-08-08T07:39:21.5800000-06:00,in
4653,US1COME0010,Precip,2004-05-22T00:00:00.0000000-06:00,0.000000,,,N,,NOAA,2013-08-08T07:39:21.5800000-06:00,in
4653,US1COME0010,Precip,2004-05-24T00:00:00.0000000-06:00,0.000000,,,N,,NOAA,2013-08-08T07:39:21.5800000-06:00,in
4653,US1COME0010,Precip,2004-05-25T00:00:00.0000000-06:00,0.000000,,,N,,NOAA,2013-08-08T07:39:21.5800000-06:00,in
4653,US1COME0010,Precip,2004-05-26T00:00:00.0000000-06:00,0.000000,,,N,,NOAA,2013-08-08T07:39:21.5800000-06:00,in
4653,US1COME0010,Precip,2004-05-27T00:00:00.0000000-06:00,0.000000,,,N,,NOAA,2013-08-08T07:39:21.5800000-06:00,in
4653,US1COME0010,Precip,2004-05-28T00:00:00.0000000-06:00,0.000000,,,N,,NOAA,2013-08-08T07:39:21.5800000-06:00,in
4653,US1COME0010,Precip,2004-05-29T00:00:00.0000000-06:00,0.019685,,,N,,NOAA,2013-08-08T07:39:21.5800000-06:00,in
4653,US1COME0010,Precip,2004-05-30T00:00:00.0000000-06:00,0.039370,,,N,,NOAA,2013-08-08T07:39:21.5800000-06:00,in
4653,US1COME0010,Precip,2004-06-02T00:00:00.0000000-06:00,0.000000,,,N,,NOAA,2013-08-08T07:39:21.5800000-06:00,in
4653,US1COME0010,Precip,2004-06-03T00:00:00.0000000-06:00,0.000000,,,N,,NOAA,2013-08-08T07:39:21.5800000-06:00,in
4653,US1COME0010,Precip,2004-06-07T00:00:00.0000000-06:00,0.000000,,,N,,NOAA,2013-08-08T07:39:21.5800000-06:00,in
4653,US1COME0010,Precip,2004-06-08T00:00:00.0000000-06:00,0.000000,,,N,,NOAA,2013-08-08T07:39:21.5800000-06:00,in
4653,US1COME0010,Precip,2004-06-09T00:00:00.0000000-06:00,0.000000,,,N,,NOAA,2013-08-08T07:39:21.5800000-06:00,in
4653,US1COME0010,Precip,2004-06-10T00:00:00.0000000-06:00,0.000000,,,N,,NOAA,2013-08-08T07:39:21.5800000-06:00,in
4653,US1COME0010,Precip,2004-06-14T00:00:00.0000000-06:00,0.000000,,,N,,NOAA,2013-08-08T07:39:21.5800000-06:00,in
4653,US1COME0010,Precip,2004-06-15T00:00:00.0000000-06:00,0.000000,,,N,,NOAA,2013-08-08T07:39:21.5800000-06:00,in
4653,US1COME0010,Precip,2004-06-17T00:00:00.0000000-06:00,0.051181,,,N,,NOAA,2013-08-08T07:39:21.5800000-06:00,in
4653,US1COME0010,Precip,2004-06-18T00:00:00.0000000-06:00,0.039370,,,N,,NOAA,2013-08-08T07:39:21.5800000-06:00,in
4653,US1COME0010,Precip,2004-06-21T00:00:00.0000000-06:00,0.000000,T,,N,,NOAA,2013-08-08T07:39:21.5800000-06:00,in
4653,US1COME0010,Precip,2004-06-22T00:00:00.0000000-06:00,0.011811,,,N,,NOAA,2013-08-08T07:39:21.5800000-06:00,in
4653,US1COME0010,Precip,2004-06-23T00:00:00.0000000-06:00,0.000000,,,N,,NOAA,2013-08-08T07:39:21.5800000-06:00,in
4653,US1COME0010,Precip,2004-06-24T00:00:00.0000000-06:00,0.000000,,,N,,NOAA,2013-08-08T07:39:21.5800000-06:00,in
4653,US1COME0010,Precip,2004-06-25T00:00:00.0000000-06:00,0.000000,,,N,,NOAA,2013-08-08T07:39:21.5800000-06:00,in
4653,US1COME0010,Precip,2004-06-27T00:00:00.0000000-06:00,0.000000,,,N,,NOAA,2013-08-08T07:39:21.5800000-06:00,in
4653,US1COME0010,Precip,2004-06-28T00:00:00.0000000-06:00,0.039370,,,N,,NOAA,2013-08-08T07:39:21.5800000-06:00,in
4653,US1COME0010,Precip,2004-06-29T00:00:00.0000000-06:00,0.039370,,,N,,NOAA,2013-08-08T07:39:21.5800000-06:00,in
4653,US1COME0010,Precip,2004-06-30T00:00:00.0000000-06:00,0.031496,,,N,,NOAA,2013-08-08T07:39:21.5800000-06:00,in
4653,US1COME0010,Precip,2004-07-01T00:00:00.0000000-06:00,0.000000,,,N,,NOAA,2013-08-08T07:39:21.5800000-06:00,in
4653,US1COME0010,Precip,2004-07-02T00:00:00.0000000-06:00,0.000000,,,N,,NOAA,2013-08-08T07:39:21.5800000-06:00,in
4653,US1COME0010,Precip,2004-07-05T00:00:00.0000000-06:00,0.000000,,,N,,NOAA,2013-08-08T07:39:21.5800000-06:00,in
4653,US1COME0010,Precip,2004-07-06T00:00:00.0000000-06:00,0.000000,T,,N,,NOAA,2013-08-08T07:39:21.5800000-06:00,in
4653,US1COME0010,Precip,2004-07-07T00:00:00.0000000-06:00,0.000000,,,N,,NOAA,2013-08-08T07:39:21.5800000-06:00,in
4653,US1COME0010,Precip,2004-07-08T00:00:00.0000000-06:00,0.000000,,,N,,NOAA,2013-08-08T07:39:21.5800000-06:00,in
4653,US1COME0010,Precip,2004-07-09T00:00:00.0000000-06:00,0.000000,,,N,,NOAA,2013-08-08T07:39:21.5800000-06:00,in
4653,US1COME0010,Precip,2004-07-10T00:00:00.0000000-06:00,0.000000,,,N,,NOAA,2013-08-08T07:39:21.5800000-06:00,in
4653,US1COME0010,Precip,2004-07-12T00:00:00.0000000-06:00,0.000000,,,N,,NOAA,2013-08-08T07:39:21.5800000-06:00,in
4653,US1COME0010,Precip,2004-07-13T00:00:00.0000000-06:00,0.000000,,,N,,NOAA,2013-08-08T07:39:21.5800000-06:00,in
4653,US1COME0010,Precip,2004-07-14T00:00:00.0000000-06:00,0.000000,,,N,,NOAA,2013-08-08T07:39:21.5800000-06:00,in
4653,US1COME0010,Precip,2004-07-15T00:00:00.0000000-06:00,0.000000,,,N,,NOAA,2013-08-08T07:39:21.5800000-06:00,in
4653,US1COME0010,Precip,2004-07-16T00:00:00.0000000-06:00,0.051181,,,N,,NOAA,2013-08-08T07:39:21.5800000-06:00,in
4653,US1COME0010,Precip,2004-07-19T00:00:00.0000000-06:00,0.000000,,,N,,NOAA,2013-08-08T07:39:21.5800000-06:00,in
4653,US1COME0010,Precip,2004-07-20T00:00:00.0000000-06:00,0.000000,T,,N,,NOAA,2013-08-08T07:39:21.5800000-06:00,in
4653,US1COME0010,Precip,2004-07-21T00:00:00.0000000-06:00,0.000000,,,N,,NOAA,2013-08-08T07:39:21.5800000-06:00,in
4653,US1COME0010,Precip,2004-07-22T00:00:00.0000000-06:00,0.000000,,,N,,NOAA,2013-08-08T07:39:21.5800000-06:00,in
4653,US1COME0010,Precip,2004-07-23T00:00:00.0000000-06:00,0.000000,,,N,,NOAA,2013-08-08T07:39:21.5800000-06:00,in
4653,US1COME0010,Precip,2004-07-24T00:00:00.0000000-06:00,0.000000,,,N,,NOAA,2013-08-08T07:39:21.5800000-06:00,in
4653,US1COME0010,Precip,2004-07-26T00:00:00.0000000-06:00,0.000000,,,N,,NOAA,2013-08-08T07:39:21.5800000-06:00,in
4653,US1COME0010,Precip,2004-07-27T00:00:00.0000000-06:00,0.000000,T,,N,,NOAA,2013-08-08T07:39:21.5800000-06:00,in
4653,US1COME0010,Precip,2004-07-28T00:00:00.0000000-06:00,0.031496,,,N,,NOAA,2013-08-08T07:39:21.5800000-06:00,in
4653,US1COME0010,Precip,2004-07-29T00:00:00.0000000-06:00,0.000000,,,N,,NOAA,2013-08-08T07:39:21.5800000-06:00,in
4653,US1COME0010,Precip,2004-07-30T00:00:00.0000000-06:00,0.000000,,,N,,NOAA,2013-08-08T07:39:21.5800000-06:00,in
4653,US1COME0010,Precip,2004-07-31T00:00:00.0000000-06:00,0.000000,,,N,,NOAA,2013-08-08T07:39:21.5800000-06:00,in
4653,US1COME0010,Precip,2004-08-10T00:00:00.0000000-06:00,0.000000,,,N,,NOAA,2013-08-08T07:39:21.5800000-06:00,in
4653,US1COME0010,Precip,2004-08-11T00:00:00.0000000-06:00,0.000000,,,N,,NOAA,2013-08-08T07:39:21.5800000-06:00,in
4653,US1COME0010,Precip,2004-08-12T00:00:00.0000000-06:00,0.000000,,,N,,NOAA,2013-08-08T07:39:21.5800000-06:00,in
4653,US1COME0010,Precip,2004-08-13T00:00:00.0000000-06:00,0.000000,,,N,,NOAA,2013-08-08T07:39:21.5800000-06:00,in
4653,US1COME0010,Precip,2004-08-14T00:00:00.0000000-06:00,0.000000,,,N,,NOAA,2013-08-08T07:39:21.5800000-06:00,in
4653,US1COME0010,Precip,2004-08-16T00:00:00.0000000-06:00,0.000000,,,N,,NOAA,2013-08-08T07:39:21.5800000-06:00,in
4653,US1COME0010,Precip,2004-08-18T00:00:00.0000000-06:00,0.000000,T,,N,,NOAA,2013-08-08T07:39:21.5800000-06:00,in
4653,US1COME0010,Precip,2004-08-19T00:00:00.0000000-06:00,0.031496,,,N,,NOAA,2013-08-08T07:39:21.5800000-06:00,in
4653,US1COME0010,Precip,2004-08-20T00:00:00.0000000-06:00,0.000000,,,N,,NOAA,2013-08-08T07:39:21.5800000-06:00,in
4653,US1COME0010,Precip,2004-08-23T00:00:00.0000000-06:00,0.011811,,,N,,NOAA,2013-08-08T07:39:21.5800000-06:00,in
4653,US1COME0010,Precip,2004-08-24T00:00:00.0000000-06:00,0.000000,,,N,,NOAA,2013-08-08T07:39:21.5800000-06:00,in
4653,US1COME0010,Precip,2004-08-25T00:00:00.0000000-06:00,0.000000,,,N,,NOAA,2013-08-08T07:39:21.5800000-06:00,in
4653,US1COME0010,Precip,2004-08-26T00:00:00.0000000-06:00,0.000000,,,N,,NOAA,2013-08-08T07:39:21.5800000-06:00,in
4653,US1COME0010,Precip,2004-08-27T00:00:00.0000000-06:00,0.000000,,,N,,NOAA,2013-08-08T07:39:21.5800000-06:00,in
4653,US1COME0010,Precip,2004-08-28T00:00:00.0000000-06:00,0.000000,,,N,,NOAA,2013-08-08T07:39:21.5800000-06:00,in
4653,US1COME0010,Precip,2004-08-30T00:00:00.0000000-06:00,0.000000,,,N,,NOAA,2013-08-08T07:39:21.5800000-06:00,in
4653,US1COME0010,Precip,2004-08-31T00:00:00.0000000-06:00,0.000000,,,N,,NOAA,2013-08-08T07:39:21.5800000-06:00,in
4653,US1COME0010,Precip,2004-09-01T00:00:00.0000000-06:00,0.000000,,,N,,NOAA,2013-08-08T07:39:21.5800000-06:00,in
4653,US1COME0010,Precip,2004-09-02T00:00:00.0000000-06:00,0.000000,,,N,,NOAA,2013-08-08T07:39:21.5800000-06:00,in
4653,US1COME0010,Precip,2004-09-03T00:00:00.0000000-06:00,0.000000,,,N,,NOAA,2013-08-08T07:39:21.5800000-06:00,in
4653,US1COME0010,Precip,2004-09-04T00:00:00.0000000-06:00,0.488189,,,N,,NOAA,2013-08-08T07:39:21.5800000-06:00,in
4653,US1COME0010,Precip,2004-09-05T00:00:00.0000000-06:00,0.208661,,,N,,NOAA,2013-08-08T07:39:21.5800000-06:00,in
4653,US1COME0010,Precip,2004-09-06T00:00:00.0000000-06:00,0.000000,,,N,,NOAA,2013-08-08T07:39:21.5800000-06:00,in
4653,US1COME0010,Precip,2004-09-07T00:00:00.0000000-06:00,0.000000,,,N,,NOAA,2013-08-08T07:39:21.5800000-06:00,in
4653,US1COME0010,Precip,2004-09-08T00:00:00.0000000-06:00,0.000000,,,N,,NOAA,2013-08-08T07:39:21.5800000-06:00,in
4653,US1COME0010,Precip,2004-09-13T00:00:00.0000000-06:00,0.000000,,,N,,NOAA,2013-08-08T07:39:21.5800000-06:00,in
4653,US1COME0010,Precip,2004-09-14T00:00:00.0000000-06:00,0.000000,,,N,,NOAA,2013-08-08T07:39:21.5800000-06:00,in
4653,US1COME0010,Precip,2004-09-15T00:00:00.0000000-06:00,0.000000,,,N,,NOAA,2013-08-08T07:39:21.5800000-06:00,in
4653,US1COME0010,Precip,2004-09-16T00:00:00.0000000-06:00,0.000000,,,N,,NOAA,2013-08-08T07:39:21.5800000-06:00,in
4653,US1COME0010,Precip,2004-09-17T00:00:00.0000000-06:00,0.000000,,,N,,NOAA,2013-08-08T07:39:21.5800000-06:00,in
4653,US1COME0010,Precip,2004-09-20T00:00:00.0000000-06:00,0.570866,,,N,,NOAA,2013-08-08T07:39:21.5800000-06:00,in
4653,US1COME0010,Precip,2004-09-21T00:00:00.0000000-06:00,0.480315,,,N,,NOAA,2013-08-08T07:39:21.5800000-06:00,in
4653,US1COME0010,Precip,2004-09-22T00:00:00.0000000-06:00,0.019685,,,N,,NOAA,2013-08-08T07:39:21.5800000-06:00,in
4653,US1COME0010,Precip,2004-09-23T00:00:00.0000000-06:00,0.000000,,,N,,NOAA,2013-08-08T07:39:21.5800000-06:00,in
4653,US1COME0010,Precip,2004-09-24T00:00:00.0000000-06:00,0.000000,,,N,,NOAA,2013-08-08T07:39:21.5800000-06:00,in
4653,US1COME0010,Precip,2004-09-27T00:00:00.0000000-06:00,0.000000,,,N,,NOAA,2013-08-08T07:39:21.5800000-06:00,in
4653,US1COME0010,Precip,2004-09-28T00:00:00.0000000-06:00,0.000000,,,N,,NOAA,2013-08-08T07:39:21.5800000-06:00,in
4653,US1COME0010,Precip,2004-09-29T00:00:00.0000000-06:00,0.118110,,,N,,NOAA,2013-08-08T07:39:21.5800000-06:00,in
4653,US1COME0010,Precip,2004-10-01T00:00:00.0000000-06:00,0.000000,T,,N,,NOAA,2013-08-08T07:39:21.5800000-06:00,in
4653,US1COME0010,Precip,2004-10-02T00:00:00.0000000-06:00,0.000000,,,N,,NOAA,2013-08-08T07:39:21.5800000-06:00,in
4653,US1COME0010,Precip,2004-10-04T00:00:00.0000000-06:00,0.000000,,,N,,NOAA,2013-08-08T07:39:21.5800000-06:00,in
4653,US1COME0010,Precip,2004-10-05T00:00:00.0000000-06:00,0.000000,,,N,,NOAA,2013-08-08T07:39:21.5800000-06:00,in
4653,US1COME0010,Precip,2004-10-06T00:00:00.0000000-06:00,0.078740,,,N,,NOAA,2013-08-08T07:39:21.5800000-06:00,in
4653,US1COME0010,Precip,2004-10-07T00:00:00.0000000-06:00,0.000000,,,N,,NOAA,2013-08-08T07:39:21.5800000-06:00,in
4653,US1COME0010,Precip,2004-10-13T00:00:00.0000000-06:00,0.000000,,,N,,NOAA,2013-08-08T07:39:21.5800000-06:00,in
4653,US1COME0010,Precip,2004-10-14T00:00:00.0000000-06:00,0.000000,,,N,,NOAA,2013-08-08T07:39:21.5800000-06:00,in
4653,US1COME0010,Precip,2004-10-15T00:00:00.0000000-06:00,0.000000,,,N,,NOAA,2013-08-08T07:39:21.5800000-06:00,in
4653,US1COME0010,Precip,2004-10-20T00:00:00.0000000-06:00,0.039370,,,N,,NOAA,2013-08-08T07:39:21.5800000-06:00,in
4653,US1COME0010,Precip,2004-10-25T00:00:00.0000000-06:00,0.098425,,,N,,NOAA,2013-08-08T07:39:21.5800000-06:00,in
4653,US1COME0010,Precip,2004-10-26T00:00:00.0000000-06:00,0.000000,T,,N,,NOAA,2013-08-08T07:39:21.5800000-06:00,in
4653,US1COME0010,Precip,2004-10-27T00:00:00.0000000-06:00,0.090551,,,N,,NOAA,2013-08-08T07:39:21.5800000-06:00,in
4653,US1COME0010,Precip,2004-10-29T00:00:00.0000000-06:00,0.448819,,,N,,NOAA,2013-08-08T07:39:21.5800000-06:00,in
4653,US1COME0010,Precip,2004-11-01T00:00:00.0000000-07:00,0.251969,,,N,,NOAA,2013-08-08T07:39:21.5800000-06:00,in
4653,US1COME0010,Precip,2004-11-02T00:00:00.0000000-07:00,0.000000,,,N,,NOAA,2013-08-08T07:39:21.5800000-06:00,in
4653,US1COME0010,Precip,2004-11-03T00:00:00.0000000-07:00,0.000000,,,N,,NOAA,2013-08-08T07:39:21.5800000-06:00,in
4653,US1COME0010,Precip,2004-11-04T00:00:00.0000000-07:00,0.000000,,,N,,NOAA,2013-08-08T07:39:21.5800000-06:00,in
4653,US1COME0010,Precip,2004-11-05T00:00:00.0000000-07:00,0.000000,,,N,,NOAA,2013-08-08T07:39:21.5800000-06:00,in
4653,US1COME0010,Precip,2004-11-08T00:00:00.0000000-07:00,0.019685,,,N,,NOAA,2013-08-08T07:39:21.5800000-06:00,in
4653,US1COME0010,Precip,2004-11-09T00:00:00.0000000-07:00,0.318898,,,N,,NOAA,2013-08-08T07:39:21.5800000-06:00,in
4653,US1COME0010,Precip,2004-11-10T00:00:00.0000000-07:00,0.039370,,,N,,NOAA,2013-08-08T07:39:21.5800000-06:00,in
4653,US1COME0010,Precip,2004-11-11T00:00:00.0000000-07:00,0.000000,,,N,,NOAA,2013-08-08T07:39:21.5800000-06:00,in
4653,US1COME0010,Precip,2004-11-12T00:00:00.0000000-07:00,0.000000,,,N,,NOAA,2013-08-08T07:39:21.5800000-06:00,in
4653,US1COME0010,Precip,2004-11-14T00:00:00.0000000-07:00,0.330709,,,N,,NOAA,2013-08-08T07:39:21.5800000-06:00,in
4653,US1COME0010,Precip,2004-11-15T00:00:00.0000000-07:00,0.000000,,,N,,NOAA,2013-08-08T07:39:21.5800000-06:00,in
4653,US1COME0010,Precip,2004-11-16T00:00:00.0000000-07:00,0.000000,,,N,,NOAA,2013-08-08T07:39:21.5800000-06:00,in
4653,US1COME0010,Precip,2004-11-17T00:00:00.0000000-07:00,0.000000,,,N,,NOAA,2013-08-08T07:39:21.5800000-06:00,in
4653,US1COME0010,Precip,2004-11-18T00:00:00.0000000-07:00,0.000000,,,N,,NOAA,2013-08-08T07:39:21.5800000-06:00,in
4653,US1COME0010,Precip,2004-11-19T00:00:00.0000000-07:00,0.000000,,,N,,NOAA,2013-08-08T07:39:21.5800000-06:00,in
4653,US1COME0010,Precip,2004-11-21T00:00:00.0000000-07:00,0.200787,,,N,,NOAA,2013-08-08T07:39:21.5800000-06:00,in
4653,US1COME0010,Precip,2004-11-22T00:00:00.0000000-07:00,0.031496,,,N,,NOAA,2013-08-08T07:39:21.5800000-06:00,in
4653,US1COME0010,Precip,2004-11-23T00:00:00.0000000-07:00,0.000000,,,N,,NOAA,2013-08-08T07:39:21.5800000-06:00,in
4653,US1COME0010,Precip,2004-11-24T00:00:00.0000000-07:00,0.000000,,,N,,NOAA,2013-08-08T07:39:21.5800000-06:00,in
4653,US1COME0010,Precip,2004-11-30T00:00:00.0000000-07:00,0.000000,,,N,,NOAA,2013-08-08T07:39:21.5800000-06:00,in
4653,US1COME0010,Precip,2004-12-01T00:00:00.0000000-07:00,0.000000,,,N,,NOAA,2013-08-08T07:39:21.5800000-06:00,in
4653,US1COME0010,Precip,2004-12-13T00:00:00.0000000-07:00,0.000000,,,N,,NOAA,2013-08-08T07:39:21.5800000-06:00,in
4653,US1COME0010,Precip,2004-12-14T00:00:00.0000000-07:00,0.000000,,,N,,NOAA,2013-08-08T07:39:21.5800000-06:00,in
4653,US1COME0010,Precip,2004-12-15T00:00:00.0000000-07:00,0.000000,,,N,,NOAA,2013-08-08T07:39:21.5800000-06:00,in
4653,US1COME0010,Precip,2004-12-16T00:00:00.0000000-07:00,0.000000,,,N,,NOAA,2013-08-08T07:39:21.5800000-06:00,in
4653,US1COME0010,Precip,2004-12-17T00:00:00.0000000-07:00,0.000000,,,N,,NOAA,2013-08-08T07:39:21.5800000-06:00,in
4653,US1COME0010,Precip,2004-12-18T00:00:00.0000000-07:00,0.000000,,,N,,NOAA,2013-08-08T07:39:21.5800000-06:00,in
4653,US1COME0010,Precip,2004-12-21T00:00:00.0000000-07:00,0.000000,,,N,,NOAA,2013-08-08T07:39:21.5800000-06:00,in
4653,US1COME0010,Precip,2004-12-22T00:00:00.0000000-07:00,0.000000,,,N,,NOAA,2013-08-08T07:39:21.5800000-06:00,in
4653,US1COME0010,Precip,2004-12-23T00:00:00.0000000-07:00,0.000000,T,,N,,NOAA,2013-08-08T07:39:21.5800000-06:00,in
4653,US1COME0010,Precip,2004-12-24T00:00:00.0000000-07:00,0.000000,,,N,,NOAA,2013-08-08T07:39:21.5800000-06:00,in
4653,US1COME0010,Precip,2004-12-27T00:00:00.0000000-07:00,0.000000,,,N,,NOAA,2013-08-08T07:39:21.5800000-06:00,in
4653,US1COME0010,Precip,2004-12-28T00:00:00.0000000-07:00,0.000000,,,N,,NOAA,2013-08-08T07:39:21.5800000-06:00,in
4653,US1COME0010,Precip,2004-12-29T00:00:00.0000000-07:00,0.019685,,,N,,NOAA,2013-08-08T07:39:21.5800000-06:00,in
4653,US1COME0010,Precip,2004-12-30T00:00:00.0000000-07:00,0.200787,,,N,,NOAA,2013-08-08T07:39:21.5800000-06:00,in
4653,US1COME0010,Precip,2004-12-31T00:00:00.0000000-07:00,0.000000,,,N,,NOAA,2013-08-08T07:39:21.5800000-06:00,in
4653,US1COME0010,Precip,2005-01-01T00:00:00.0000000-07:00,0.000000,T,,N,,NOAA,2013-08-08T07:39:21.5800000-06:00,in
4653,US1COME0010,Precip,2005-01-03T00:00:00.0000000-07:00,0.000000,T,,N,,NOAA,2013-08-08T07:39:21.5800000-06:00,in
4653,US1COME0010,Precip,2005-01-04T00:00:00.0000000-07:00,0.078740,,,N,,NOAA,2013-08-08T07:39:21.5800000-06:00,in
4653,US1COME0010,Precip,2005-01-17T00:00:00.0000000-07:00,0.000000,,,N,,NOAA,2013-08-08T07:39:21.5800000-06:00,in
4653,US1COME0010,Precip,2005-01-18T00:00:00.0000000-07:00,0.000000,,,N,,NOAA,2013-08-08T07:39:21.5800000-06:00,in
4653,US1COME0010,Precip,2005-01-20T00:00:00.0000000-07:00,0.000000,,,N,,NOAA,2013-08-08T07:39:21.5800000-06:00,in
4653,US1COME0010,Precip,2005-01-23T00:00:00.0000000-07:00,0.000000,,,N,,NOAA,2013-08-08T07:39:21.5800000-06:00,in
4653,US1COME0010,Precip,2005-01-24T00:00:00.0000000-07:00,0.000000,,,N,,NOAA,2013-08-08T07:39:21.5800000-06:00,in
4653,US1COME0010,Precip,2005-01-25T00:00:00.0000000-07:00,0.000000,,,N,,NOAA,2013-08-08T07:39:21.5800000-06:00,in
4653,US1COME0010,Precip,2005-01-26T00:00:00.0000000-07:00,0.000000,,,N,,NOAA,2013-08-08T07:39:21.5800000-06:00,in
4653,US1COME0010,Precip,2005-01-28T00:00:00.0000000-07:00,0.358268,,,N,,NOAA,2013-08-08T07:39:21.5800000-06:00,in
4653,US1COME0010,Precip,2005-01-29T00:00:00.0000000-07:00,0.051181,,,N,,NOAA,2013-08-08T07:39:21.5800000-06:00,in
4653,US1COME0010,Precip,2005-01-31T00:00:00.0000000-07:00,0.000000,,,N,,NOAA,2013-08-08T07:39:21.5800000-06:00,in
4653,US1COME0010,Precip,2005-02-01T00:00:00.0000000-07:00,0.000000,,,N,,NOAA,2013-08-08T07:39:21.5800000-06:00,in
4653,US1COME0010,Precip,2005-02-02T00:00:00.0000000-07:00,0.000000,,,N,,NOAA,2013-08-08T07:39:21.5800000-06:00,in
4653,US1COME0010,Precip,2005-02-03T00:00:00.0000000-07:00,0.000000,,,N,,NOAA,2013-08-08T07:39:21.5800000-06:00,in
4653,US1COME0010,Precip,2005-02-07T00:00:00.0000000-07:00,0.000000,,,N,,NOAA,2013-08-08T07:39:21.5800000-06:00,in
4653,US1COME0010,Precip,2005-02-08T00:00:00.0000000-07:00,0.200787,,,N,,NOAA,2013-08-08T07:39:21.5800000-06:00,in
4653,US1COME0010,Precip,2005-02-09T00:00:00.0000000-07:00,0.000000,,,N,,NOAA,2013-08-08T07:39:21.5800000-06:00,in
4653,US1COME0010,Precip,2005-02-10T00:00:00.0000000-07:00,0.000000,,,N,,NOAA,2013-08-08T07:39:21.5800000-06:00,in
4653,US1COME0010,Precip,2005-02-16T00:00:00.0000000-07:00,0.188976,,,N,,NOAA,2013-08-08T07:39:21.5800000-06:00,in
4653,US1COME0010,Precip,2005-02-17T00:00:00.0000000-07:00,0.051181,,,N,,NOAA,2013-08-08T07:39:21.5800000-06:00,in
4653,US1COME0010,Precip,2005-02-22T00:00:00.0000000-07:00,0.098425,,,N,,NOAA,2013-08-08T07:39:21.5800000-06:00,in
4653,US1COME0010,Precip,2005-02-23T00:00:00.0000000-07:00,0.118110,,,N,,NOAA,2013-08-08T07:39:21.5800000-06:00,in
4653,US1COME0010,Precip,2005-02-24T00:00:00.0000000-07:00,0.000000,T,,N,,NOAA,2013-08-08T07:39:21.5800000-06:00,in
4653,US1COME0010,Precip,2005-02-25T00:00:00.0000000-07:00,0.000000,,,N,,NOAA,2013-08-08T07:39:21.5800000-06:00,in
4653,US1COME0010,Precip,2005-02-27T00:00:00.0000000-07:00,0.000000,,,N,,NOAA,2013-08-08T07:39:21.5800000-06:00,in
4653,US1COME0010,Precip,2005-02-28T00:00:00.0000000-07:00,0.000000,,,N,,NOAA,2013-08-08T07:39:21.5800000-06:00,in
4653,US1COME0010,Precip,2005-03-01T00:00:00.0000000-07:00,0.000000,,,N,,NOAA,2013-08-08T07:39:21.5800000-06:00,in
4653,US1COME0010,Precip,2005-03-02T00:00:00.0000000-07:00,0.019685,,,N,,NOAA,2013-08-08T07:39:21.5800000-06:00,in
4653,US1COME0010,Precip,2005-03-03T00:00:00.0000000-07:00,0.000000,,,N,,NOAA,2013-08-08T07:39:21.5800000-06:00,in
4653,US1COME0010,Precip,2005-03-04T00:00:00.0000000-07:00,0.000000,,,N,,NOAA,2013-08-08T07:39:21.5800000-06:00,in
4653,US1COME0010,Precip,2005-03-07T00:00:00.0000000-07:00,0.000000,,,N,,NOAA,2013-08-08T07:39:21.5800000-06:00,in
4653,US1COME0010,Precip,2005-03-08T00:00:00.0000000-07:00,0.000000,,,N,,NOAA,2013-08-08T07:39:21.5800000-06:00,in
4653,US1COME0010,Precip,2005-03-09T00:00:00.0000000-07:00,0.000000,,,N,,NOAA,2013-08-08T07:39:21.5800000-06:00,in
4653,US1COME0010,Precip,2005-03-10T00:00:00.0000000-07:00,0.000000,,,N,,NOAA,2013-08-08T07:39:21.5800000-06:00,in
4653,US1COME0010,Precip,2005-03-11T00:00:00.0000000-07:00,0.000000,,,N,,NOAA,2013-08-08T07:39:21.5800000-06:00,in
4653,US1COME0010,Precip,2005-03-13T00:00:00.0000000-07:00,0.000000,,,N,,NOAA,2013-08-08T07:39:21.5800000-06:00,in
4653,US1COME0010,Precip,2005-03-14T00:00:00.0000000-07:00,0.000000,,,N,,NOAA,2013-08-08T07:39:21.5800000-06:00,in
4653,US1COME0010,Precip,2005-03-15T00:00:00.0000000-07:00,0.000000,,,N,,NOAA,2013-08-08T07:39:21.5800000-06:00,in
4653,US1COME0010,Precip,2005-03-16T00:00:00.0000000-07:00,0.000000,,,N,,NOAA,2013-08-08T07:39:21.5800000-06:00,in
4653,US1COME0010,Precip,2005-03-17T00:00:00.0000000-07:00,0.000000,,,N,,NOAA,2013-08-08T07:39:21.5800000-06:00,in
4653,US1COME0010,Precip,2005-03-18T00:00:00.0000000-07:00,0.000000,,,N,,NOAA,2013-08-08T07:39:21.5800000-06:00,in
4653,US1COME0010,Precip,2005-03-21T00:00:00.0000000-07:00,0.259843,,,N,,NOAA,2013-08-08T07:39:21.5800000-06:00,in
4653,US1COME0010,Precip,2005-03-22T00:00:00.0000000-07:00,0.000000,T,,N,,NOAA,2013-08-08T07:39:21.5800000-06:00,in
4653,US1COME0010,Precip,2005-03-28T00:00:00.0000000-07:00,0.000000,,,N,,NOAA,2013-08-08T07:39:21.5800000-06:00,in
4653,US1COME0010,Precip,2005-03-29T00:00:00.0000000-07:00,0.098425,,,N,,NOAA,2013-08-08T07:39:21.5800000-06:00,in
4653,US1COME0010,Precip,2005-03-30T00:00:00.0000000-07:00,0.039370,,,N,,NOAA,2013-08-08T07:39:21.5800000-06:00,in
4653,US1COME0010,Precip,2005-03-31T00:00:00.0000000-07:00,0.078740,,,N,,NOAA,2013-08-08T07:39:21.5800000-06:00,in
4653,US1COME0010,Precip,2005-04-01T00:00:00.0000000-07:00,0.000000,,,N,,NOAA,2013-08-08T07:39:21.5800000-06:00,in
4653,US1COME0010,Precip,2005-04-04T00:00:00.0000000-06:00,0.000000,,,N,,NOAA,2013-08-08T07:39:21.5800000-06:00,in
4653,US1COME0010,Precip,2005-04-05T00:00:00.0000000-06:00,0.000000,T,,N,,NOAA,2013-08-08T07:39:21.5800000-06:00,in
4653,US1COME0010,Precip,2005-04-06T00:00:00.0000000-06:00,0.000000,,,N,,NOAA,2013-08-08T07:39:21.5800000-06:00,in
4653,US1COME0010,Precip,2005-04-07T00:00:00.0000000-06:00,0.000000,,,N,,NOAA,2013-08-08T07:39:21.5800000-06:00,in
4653,US1COME0010,Precip,2005-04-08T00:00:00.0000000-06:00,0.000000,T,,N,,NOAA,2013-08-08T07:39:21.5800000-06:00,in
4653,US1COME0010,Precip,2005-04-13T00:00:00.0000000-06:00,0.000000,,,N,,NOAA,2013-08-08T07:39:21.5800000-06:00,in
4653,US1COME0010,Precip,2005-04-14T00:00:00.0000000-06:00,0.000000,,,N,,NOAA,2013-08-08T07:39:21.5800000-06:00,in
4653,US1COME0010,Precip,2005-04-15T00:00:00.0000000-06:00,0.000000,,,N,,NOAA,2013-08-08T07:39:21.5800000-06:00,in
4653,US1COME0010,Precip,2005-04-18T00:00:00.0000000-06:00,0.000000,,,N,,NOAA,2013-08-08T07:39:21.5800000-06:00,in
4653,US1COME0010,Precip,2005-04-19T00:00:00.0000000-06:00,0.000000,,,N,,NOAA,2013-08-08T07:39:21.5800000-06:00,in
4653,US1COME0010,Precip,2005-04-20T00:00:00.0000000-06:00,0.000000,,,N,,NOAA,2013-08-08T07:39:21.5800000-06:00,in
4653,US1COME0010,Precip,2005-04-21T00:00:00.0000000-06:00,0.011811,,,N,,NOAA,2013-08-08T07:39:21.5800000-06:00,in
4653,US1COME0010,Precip,2005-04-22T00:00:00.0000000-06:00,0.000000,,,N,,NOAA,2013-08-08T07:39:21.5800000-06:00,in
4653,US1COME0010,Precip,2005-04-25T00:00:00.0000000-06:00,0.279528,,,N,,NOAA,2013-08-08T07:39:21.5800000-06:00,in
4653,US1COME0010,Precip,2005-04-26T00:00:00.0000000-06:00,0.350394,,,N,,NOAA,2013-08-08T07:39:21.5800000-06:00,in
4653,US1COME0010,Precip,2005-04-27T00:00:00.0000000-06:00,0.000000,,,N,,NOAA,2013-08-08T07:39:21.5800000-06:00,in
4653,US1COME0010,Precip,2005-04-29T00:00:00.0000000-06:00,0.078740,,,N,,NOAA,2013-08-08T07:39:21.5800000-06:00,in
4653,US1COME0010,Precip,2005-05-01T00:00:00.0000000-06:00,0.078740,,,N,,NOAA,2013-08-08T07:39:21.5800000-06:00,in
4653,US1COME0010,Precip,2005-05-02T00:00:00.0000000-06:00,0.000000,T,,N,,NOAA,2013-08-08T07:39:21.5800000-06:00,in
4653,US1COME0010,Precip,2005-05-03T00:00:00.0000000-06:00,0.000000,,,N,,NOAA,2013-08-08T07:39:21.5800000-06:00,in
4653,US1COME0010,Precip,2005-05-04T00:00:00.0000000-06:00,0.000000,,,N,,NOAA,2013-08-08T07:39:21.5800000-06:00,in
4653,US1COME0010,Precip,2005-05-05T00:00:00.0000000-06:00,0.000000,,,N,,NOAA,2013-08-08T07:39:21.5800000-06:00,in
4653,US1COME0010,Precip,2005-05-06T00:00:00.0000000-06:00,0.019685,,,N,,NOAA,2013-08-08T07:39:21.5800000-06:00,in
4653,US1COME0010,Precip,2005-05-09T00:00:00.0000000-06:00,0.000000,,,N,,NOAA,2013-08-08T07:39:21.5800000-06:00,in
4653,US1COME0010,Precip,2005-05-10T00:00:00.0000000-06:00,0.000000,,,N,,NOAA,2013-08-08T07:39:21.5800000-06:00,in
4653,US1COME0010,Precip,2005-05-11T00:00:00.0000000-06:00,0.090551,,,N,,NOAA,2013-08-08T07:39:21.5800000-06:00,in
4653,US1COME0010,Precip,2005-05-16T00:00:00.0000000-06:00,0.000000,,,N,,NOAA,2013-08-08T07:39:21.5800000-06:00,in
4653,US1COME0010,Precip,2005-05-17T00:00:00.0000000-06:00,0.000000,,,N,,NOAA,2013-08-08T07:39:21.5800000-06:00,in
4653,US1COME0010,Precip,2005-05-18T00:00:00.0000000-06:00,0.000000,,,N,,NOAA,2013-08-08T07:39:21.5800000-06:00,in
4653,US1COME0010,Precip,2005-05-19T00:00:00.0000000-06:00,0.000000,,,N,,NOAA,2013-08-08T07:39:21.5800000-06:00,in
4653,US1COME0010,Precip,2005-05-21T00:00:00.0000000-06:00,0.000000,,,N,,NOAA,2013-08-08T07:39:21.5800000-06:00,in
4653,US1COME0010,Precip,2005-05-23T00:00:00.0000000-06:00,0.000000,,,N,,NOAA,2013-08-08T07:39:21.5800000-06:00,in
4653,US1COME0010,Precip,2005-05-24T00:00:00.0000000-06:00,0.000000,,,N,,NOAA,2013-08-08T07:39:21.5800000-06:00,in
4653,US1COME0010,Precip,2005-05-25T00:00:00.0000000-06:00,0.000000,,,N,,NOAA,2013-08-08T07:39:21.5800000-06:00,in
4653,US1COME0010,Precip,2005-05-26T00:00:00.0000000-06:00,0.000000,,,N,,NOAA,2013-08-08T07:39:21.5800000-06:00,in
4653,US1COME0010,Precip,2005-05-27T00:00:00.0000000-06:00,0.000000,,,N,,NOAA,2013-08-08T07:39:21.5800000-06:00,in
4653,US1COME0010,Precip,2005-06-01T00:00:00.0000000-06:00,0.000000,,,N,,NOAA,2013-08-08T07:39:21.5800000-06:00,in
4653,US1COME0010,Precip,2005-06-02T00:00:00.0000000-06:00,0.031496,,,N,,NOAA,2013-08-08T07:39:21.5800000-06:00,in
4653,US1COME0010,Precip,2005-06-03T00:00:00.0000000-06:00,0.031496,,,N,,NOAA,2013-08-08T07:39:21.5800000-06:00,in
4653,US1COME0010,Precip,2005-06-04T00:00:00.0000000-06:00,0.440945,,,N,,NOAA,2013-08-08T07:39:21.5800000-06:00,in
4653,US1COME0010,Precip,2005-06-05T00:00:00.0000000-06:00,0.019685,,,N,,NOAA,2013-08-08T07:39:21.5800000-06:00,in
4653,US1COME0010,Precip,2005-06-06T00:00:00.0000000-06:00,0.000000,,,N,,NOAA,2013-08-08T07:39:21.5800000-06:00,in
4653,US1COME0010,Precip,2005-06-07T00:00:00.0000000-06:00,0.019685,,,N,,NOAA,2013-08-08T07:39:21.5800000-06:00,in
4653,US1COME0010,Precip,2005-06-08T00:00:00.0000000-06:00,0.000000,,,N,,NOAA,2013-08-08T07:39:21.5800000-06:00,in
4653,US1COME0010,Precip,2005-06-09T00:00:00.0000000-06:00,0.000000,,,N,,NOAA,2013-08-08T07:39:21.5800000-06:00,in
4653,US1COME0010,Precip,2005-06-10T00:00:00.0000000-06:00,0.078740,,,N,,NOAA,2013-08-08T07:39:21.5800000-06:00,in
4653,US1COME0010,Precip,2005-06-11T00:00:00.0000000-06:00,0.098425,,,N,,NOAA,2013-08-08T07:39:21.5800000-06:00,in
4653,US1COME0010,Precip,2005-06-12T00:00:00.0000000-06:00,0.759843,,,N,,NOAA,2013-08-08T07:39:21.5800000-06:00,in
4653,US1COME0010,Precip,2005-06-13T00:00:00.0000000-06:00,0.031496,,,N,,NOAA,2013-08-08T07:39:21.5800000-06:00,in
4653,US1COME0010,Precip,2005-06-14T00:00:00.0000000-06:00,0.000000,,,N,,NOAA,2013-08-08T07:39:21.5800000-06:00,in
4653,US1COME0010,Precip,2005-06-15T00:00:00.0000000-06:00,0.000000,,,N,,NOAA,2013-08-08T07:39:21.5800000-06:00,in
4653,US1COME0010,Precip,2005-06-16T00:00:00.0000000-06:00,0.000000,,,N,,NOAA,2013-08-08T07:39:21.5800000-06:00,in
4653,US1COME0010,Precip,2005-06-17T00:00:00.0000000-06:00,0.000000,,,N,,NOAA,2013-08-08T07:39:21.5800000-06:00,in
4653,US1COME0010,Precip,2005-06-18T00:00:00.0000000-06:00,0.000000,,,N,,NOAA,2013-08-08T07:39:21.5800000-06:00,in
4653,US1COME0010,Precip,2005-06-20T00:00:00.0000000-06:00,0.000000,,,N,,NOAA,2013-08-08T07:39:21.5800000-06:00,in
4653,US1COME0010,Precip,2005-06-22T00:00:00.0000000-06:00,0.000000,,,N,,NOAA,2013-08-08T07:39:21.5800000-06:00,in
4653,US1COME0010,Precip,2005-06-23T00:00:00.0000000-06:00,0.358268,,,N,,NOAA,2013-08-08T07:39:21.5800000-06:00,in
4653,US1COME0010,Precip,2005-06-24T00:00:00.0000000-06:00,0.208661,,,N,,NOAA,2013-08-08T07:39:21.5800000-06:00,in
4653,US1COME0010,Precip,2005-06-26T00:00:00.0000000-06:00,0.169291,,,N,,NOAA,2013-08-08T07:39:21.5800000-06:00,in
4653,US1COME0010,Precip,2005-06-27T00:00:00.0000000-06:00,0.059055,,,N,,NOAA,2013-08-08T07:39:21.5800000-06:00,in
4653,US1COME0010,Precip,2005-06-29T00:00:00.0000000-06:00,0.110236,,,N,,NOAA,2013-08-08T07:39:21.5800000-06:00,in
4653,US1COME0010,Precip,2005-06-30T00:00:00.0000000-06:00,0.000000,,,N,,NOAA,2013-08-08T07:39:21.5800000-06:00,in
4653,US1COME0010,Precip,2005-07-01T00:00:00.0000000-06:00,0.000000,,,N,,NOAA,2013-08-08T07:39:21.5800000-06:00,in
4653,US1COME0010,Precip,2005-07-06T00:00:00.0000000-06:00,0.000000,,,N,,NOAA,2013-08-08T07:39:21.5800000-06:00,in
4653,US1COME0010,Precip,2005-07-07T00:00:00.0000000-06:00,0.000000,,,N,,NOAA,2013-08-08T07:39:21.5800000-06:00,in
4653,US1COME0010,Precip,2005-07-08T00:00:00.0000000-06:00,0.000000,,,N,,NOAA,2013-08-08T07:39:21.5800000-06:00,in
4653,US1COME0010,Precip,2005-07-12T00:00:00.0000000-06:00,0.000000,,,N,,NOAA,2013-08-08T07:39:21.5800000-06:00,in
4653,US1COME0010,Precip,2005-07-13T00:00:00.0000000-06:00,0.000000,,,N,,NOAA,2013-08-08T07:39:21.5800000-06:00,in
4653,US1COME0010,Precip,2005-07-14T00:00:00.0000000-06:00,0.000000,,,N,,NOAA,2013-08-08T07:39:21.5800000-06:00,in
4653,US1COME0010,Precip,2005-07-16T00:00:00.0000000-06:00,0.000000,,,N,,NOAA,2013-08-08T07:39:21.5800000-06:00,in
4653,US1COME0010,Precip,2005-07-17T00:00:00.0000000-06:00,0.000000,T,,N,,NOAA,2013-08-08T07:39:21.5800000-06:00,in
4653,US1COME0010,Precip,2005-07-21T00:00:00.0000000-06:00,0.000000,,,N,,NOAA,2013-08-08T07:39:21.5800000-06:00,in
4653,US1COME0010,Precip,2005-07-22T00:00:00.0000000-06:00,0.000000,,,N,,NOAA,2013-08-08T07:39:21.5800000-06:00,in
4653,US1COME0010,Precip,2005-07-25T00:00:00.0000000-06:00,0.019685,,,N,,NOAA,2013-08-08T07:39:21.5800000-06:00,in
4653,US1COME0010,Precip,2005-07-26T00:00:00.0000000-06:00,0.279528,,,N,,NOAA,2013-08-08T07:39:21.5800000-06:00,in
4653,US1COME0010,Precip,2005-07-29T00:00:00.0000000-06:00,0.000000,,,N,,NOAA,2013-08-08T07:39:21.5800000-06:00,in
4653,US1COME0010,Precip,2005-07-30T00:00:00.0000000-06:00,0.000000,,,N,,NOAA,2013-08-08T07:39:21.5800000-06:00,in
4653,US1COME0010,Precip,2005-08-01T00:00:00.0000000-06:00,0.000000,T,,N,,NOAA,2013-08-08T07:39:21.5800000-06:00,in
4653,US1COME0010,Precip,2005-08-03T00:00:00.0000000-06:00,0.240157,,,N,,NOAA,2013-08-08T07:39:21.5800000-06:00,in
4653,US1COME0010,Precip,2005-08-04T00:00:00.0000000-06:00,0.078740,,,N,,NOAA,2013-08-08T07:39:21.5800000-06:00,in
4653,US1COME0010,Precip,2005-08-05T00:00:00.0000000-06:00,0.039370,,,N,,NOAA,2013-08-08T07:39:21.5800000-06:00,in
4653,US1COME0010,Precip,2005-08-10T00:00:00.0000000-06:00,0.279528,,,N,,NOAA,2013-08-08T07:39:21.5800000-06:00,in
4653,US1COME0010,Precip,2005-08-11T00:00:00.0000000-06:00,0.259843,,,N,,NOAA,2013-08-08T07:39:21.5800000-06:00,in
4653,US1COME0010,Precip,2005-08-30T00:00:00.0000000-06:00,0.000000,,,N,,NOAA,2013-08-08T07:39:21.5800000-06:00,in
4653,US1COME0010,Precip,2005-08-31T00:00:00.0000000-06:00,0.000000,,,N,,NOAA,2013-08-08T07:39:21.5800000-06:00,in
4653,US1COME0010,Precip,2005-09-01T00:00:00.0000000-06:00,0.000000,,,N,,NOAA,2013-08-08T07:39:21.5800000-06:00,in
4653,US1COME0010,Precip,2005-09-02T00:00:00.0000000-06:00,0.000000,,,N,,NOAA,2013-08-08T07:39:21.5800000-06:00,in
4653,US1COME0010,Precip,2005-09-03T00:00:00.0000000-06:00,0.000000,,,N,,NOAA,2013-08-08T07:39:21.5800000-06:00,in
4653,US1COME0010,Precip,2005-09-04T00:00:00.0000000-06:00,0.629921,,,N,,NOAA,2013-08-08T07:39:21.5800000-06:00,in
4653,US1COME0010,Precip,2005-09-06T00:00:00.0000000-06:00,0.000000,,,N,,NOAA,2013-08-08T07:39:21.5800000-06:00,in
4653,US1COME0010,Precip,2005-09-07T00:00:00.0000000-06:00,0.000000,,,N,,NOAA,2013-08-08T07:39:21.5800000-06:00,in
4653,US1COME0010,Precip,2005-09-08T00:00:00.0000000-06:00,0.000000,,,N,,NOAA,2013-08-08T07:39:21.5800000-06:00,in
4653,US1COME0010,Precip,2005-09-09T00:00:00.0000000-06:00,0.161417,,,N,,NOAA,2013-08-08T07:39:21.5800000-06:00,in
4653,US1COME0010,Precip,2005-09-10T00:00:00.0000000-06:00,0.488189,,,N,,NOAA,2013-08-08T07:39:21.5800000-06:00,in
4653,US1COME0010,Precip,2005-09-12T00:00:00.0000000-06:00,0.000000,,,N,,NOAA,2013-08-08T07:39:21.5800000-06:00,in
4653,US1COME0010,Precip,2005-09-13T00:00:00.0000000-06:00,0.000000,,,N,,NOAA,2013-08-08T07:39:21.5800000-06:00,in
4653,US1COME0010,Precip,2005-09-14T00:00:00.0000000-06:00,0.000000,,,N,,NOAA,2013-08-08T07:39:21.5800000-06:00,in
4653,US1COME0010,Precip,2005-09-15T00:00:00.0000000-06:00,0.000000,,,N,,NOAA,2013-08-08T07:39:21.5800000-06:00,in
4653,US1COME0010,Precip,2005-09-19T00:00:00.0000000-06:00,0.000000,,,N,,NOAA,2013-08-08T07:39:21.5800000-06:00,in
4653,US1COME0010,Precip,2005-09-20T00:00:00.0000000-06:00,0.000000,,,N,,NOAA,2013-08-08T07:39:21.5800000-06:00,in
4653,US1COME0010,Precip,2005-09-21T00:00:00.0000000-06:00,0.000000,,,N,,NOAA,2013-08-08T07:39:21.5800000-06:00,in
4653,US1COME0010,Precip,2005-09-22T00:00:00.0000000-06:00,0.511811,,,N,,NOAA,2013-08-08T07:39:21.5800000-06:00,in
4653,US1COME0010,Precip,2005-09-23T00:00:00.0000000-06:00,0.000000,,,N,,NOAA,2013-08-08T07:39:21.5800000-06:00,in
4653,US1COME0010,Precip,2005-09-24T00:00:00.0000000-06:00,0.000000,,,N,,NOAA,2013-08-08T07:39:21.5800000-06:00,in
4653,US1COME0010,Precip,2005-09-26T00:00:00.0000000-06:00,0.000000,,,N,,NOAA,2013-08-08T07:39:21.5800000-06:00,in
4653,US1COME0010,Precip,2005-09-27T00:00:00.0000000-06:00,0.000000,,,N,,NOAA,2013-08-08T07:39:21.5800000-06:00,in
4653,US1COME0010,Precip,2005-09-28T00:00:00.0000000-06:00,0.870079,,,N,,NOAA,2013-08-08T07:39:21.5800000-06:00,in
4653,US1COME0010,Precip,2005-09-29T00:00:00.0000000-06:00,0.090551,,,N,,NOAA,2013-08-08T07:39:21.5800000-06:00,in
4653,US1COME0010,Precip,2005-09-30T00:00:00.0000000-06:00,0.000000,,,N,,NOAA,2013-08-08T07:39:21.5800000-06:00,in
4653,US1COME0010,Precip,2005-10-03T00:00:00.0000000-06:00,0.000000,,,N,,NOAA,2013-08-08T07:39:21.5800000-06:00,in
4653,US1COME0010,Precip,2005-10-04T00:00:00.0000000-06:00,0.000000,,,N,,NOAA,2013-08-08T07:39:21.5800000-06:00,in
4653,US1COME0010,Precip,2005-10-05T00:00:00.0000000-06:00,0.039370,,,N,,NOAA,2013-08-08T07:39:21.5800000-06:00,in
4653,US1COME0010,Precip,2005-10-07T00:00:00.0000000-06:00,0.000000,,,N,,NOAA,2013-08-08T07:39:21.5800000-06:00,in
4653,US1COME0010,Precip,2005-10-09T00:00:00.0000000-06:00,0.338583,,,N,,NOAA,2013-08-08T07:39:21.5800000-06:00,in
4653,US1COME0010,Precip,2005-10-10T00:00:00.0000000-06:00,0.098425,,,N,,NOAA,2013-08-08T07:39:21.5800000-06:00,in
4653,US1COME0010,Precip,2005-10-13T00:00:00.0000000-06:00,0.000000,,,N,,NOAA,2013-08-08T07:39:21.5800000-06:00,in
4653,US1COME0010,Precip,2005-10-17T00:00:00.0000000-06:00,0.000000,,,N,,NOAA,2013-08-08T07:39:21.5800000-06:00,in
4653,US1COME0010,Precip,2005-10-19T00:00:00.0000000-06:00,0.330709,,,N,,NOAA,2013-08-08T07:39:21.5800000-06:00,in
4653,US1COME0010,Precip,2005-10-21T00:00:00.0000000-06:00,0.000000,,,N,,NOAA,2013-08-08T07:39:21.5800000-06:00,in
4653,US1COME0010,Precip,2005-10-23T00:00:00.0000000-06:00,0.000000,,,N,,NOAA,2013-08-08T07:39:21.5800000-06:00,in
4653,US1COME0010,Precip,2005-10-24T00:00:00.0000000-06:00,0.000000,,,N,,NOAA,2013-08-08T07:39:21.5800000-06:00,in
4653,US1COME0010,Precip,2005-10-25T00:00:00.0000000-06:00,0.000000,,,N,,NOAA,2013-08-08T07:39:21.5800000-06:00,in
4653,US1COME0010,Precip,2005-10-26T00:00:00.0000000-06:00,0.000000,,,N,,NOAA,2013-08-08T07:39:21.5800000-06:00,in
4653,US1COME0010,Precip,2005-10-27T00:00:00.0000000-06:00,0.000000,,,N,,NOAA,2013-08-08T07:39:21.5800000-06:00,in
4653,US1COME0010,Precip,2005-10-28T00:00:00.0000000-06:00,0.000000,,,N,,NOAA,2013-08-08T07:39:21.5800000-06:00,in
4653,US1COME0010,Precip,2005-10-29T00:00:00.0000000-06:00,0.090551,,,N,,NOAA,2013-08-08T07:39:21.5800000-06:00,in
4653,US1COME0010,Precip,2005-10-30T00:00:00.0000000-06:00,0.448819,,,N,,NOAA,2013-08-08T07:39:21.5800000-06:00,in
4653,US1COME0010,Precip,2005-10-31T00:00:00.0000000-07:00,0.299213,,,N,,NOAA,2013-08-08T07:39:21.5800000-06:00,in
4653,US1COME0010,Precip,2005-11-01T00:00:00.0000000-07:00,0.000000,,,N,,NOAA,2013-08-08T07:39:21.5800000-06:00,in
4653,US1COME0010,Precip,2005-11-02T00:00:00.0000000-07:00,0.000000,,,N,,NOAA,2013-08-08T07:39:21.5800000-06:00,in
4653,US1COME0010,Precip,2005-11-07T00:00:00.0000000-07:00,0.000000,,,N,,NOAA,2013-08-08T07:39:21.5800000-06:00,in
4653,US1COME0010,Precip,2005-11-08T00:00:00.0000000-07:00,0.000000,,,N,,NOAA,2013-08-08T07:39:21.5800000-06:00,in
4653,US1COME0010,Precip,2005-11-09T00:00:00.0000000-07:00,0.000000,,,N,,NOAA,2013-08-08T07:39:21.5800000-06:00,in
4653,US1COME0010,Precip,2005-11-10T00:00:00.0000000-07:00,0.000000,,,N,,NOAA,2013-08-08T07:39:21.5800000-06:00,in
4653,US1COME0010,Precip,2005-11-11T00:00:00.0000000-07:00,0.000000,,,N,,NOAA,2013-08-08T07:39:21.5800000-06:00,in
4653,US1COME0010,Precip,2005-11-12T00:00:00.0000000-07:00,0.181102,,,N,,NOAA,2013-08-08T07:39:21.5800000-06:00,in
4653,US1COME0010,Precip,2005-11-14T00:00:00.0000000-07:00,0.000000,,,N,,NOAA,2013-08-08T07:39:21.5800000-06:00,in
4653,US1COME0010,Precip,2005-11-15T00:00:00.0000000-07:00,0.019685,,,N,,NOAA,2013-08-08T07:39:21.5800000-06:00,in
4653,US1COME0010,Precip,2005-11-16T00:00:00.0000000-07:00,0.000000,,,N,,NOAA,2013-08-08T07:39:21.5800000-06:00,in
4653,US1COME0010,Precip,2005-11-18T00:00:00.0000000-07:00,0.000000,,,N,,NOAA,2013-08-08T07:39:21.5800000-06:00,in
4653,US1COME0010,Precip,2005-11-21T00:00:00.0000000-07:00,0.000000,,,N,,NOAA,2013-08-08T07:39:21.5800000-06:00,in
4653,US1COME0010,Precip,2005-11-28T00:00:00.0000000-07:00,0.000000,,,N,,NOAA,2013-08-08T07:39:21.5800000-06:00,in
4653,US1COME0010,Precip,2005-11-29T00:00:00.0000000-07:00,0.000000,,,N,,NOAA,2013-08-08T07:39:21.5800000-06:00,in
4653,US1COME0010,Precip,2005-11-30T00:00:00.0000000-07:00,0.000000,T,,N,,NOAA,2013-08-08T07:39:21.5800000-06:00,in
4653,US1COME0010,Precip,2005-12-01T00:00:00.0000000-07:00,0.000000,,,N,,NOAA,2013-08-08T07:39:21.5800000-06:00,in
4653,US1COME0010,Precip,2005-12-03T00:00:00.0000000-07:00,0.688976,,,N,,NOAA,2013-08-08T07:39:21.5800000-06:00,in
4653,US1COME0010,Precip,2005-12-06T00:00:00.0000000-07:00,0.000000,,,N,,NOAA,2013-08-08T07:39:21.5800000-06:00,in
4653,US1COME0010,Precip,2005-12-08T00:00:00.0000000-07:00,0.000000,,,N,,NOAA,2013-08-08T07:39:21.5800000-06:00,in
4653,US1COME0010,Precip,2005-12-09T00:00:00.0000000-07:00,0.000000,,,N,,NOAA,2013-08-08T07:39:21.5800000-06:00,in
4653,US1COME0010,Precip,2005-12-10T00:00:00.0000000-07:00,0.000000,,,N,,NOAA,2013-08-08T07:39:21.5800000-06:00,in
4653,US1COME0010,Precip,2005-12-12T00:00:00.0000000-07:00,0.000000,,,N,,NOAA,2013-08-08T07:39:21.5800000-06:00,in
4653,US1COME0010,Precip,2005-12-13T00:00:00.0000000-07:00,0.000000,T,,N,,NOAA,2013-08-08T07:39:21.5800000-06:00,in
4653,US1COME0010,Precip,2005-12-14T00:00:00.0000000-07:00,0.000000,,,N,,NOAA,2013-08-08T07:39:21.5800000-06:00,in
4653,US1COME0010,Precip,2005-12-15T00:00:00.0000000-07:00,0.000000,,,N,,NOAA,2013-08-08T07:39:21.5800000-06:00,in
4653,US1COME0010,Precip,2005-12-16T00:00:00.0000000-07:00,0.000000,,,N,,NOAA,2013-08-08T07:39:21.5800000-06:00,in
4653,US1COME0010,Precip,2005-12-21T00:00:00.0000000-07:00,0.000000,,,N,,NOAA,2013-08-08T07:39:21.5800000-06:00,in
4653,US1COME0010,Precip,2005-12-22T00:00:00.0000000-07:00,0.000000,,,N,,NOAA,2013-08-08T07:39:21.5800000-06:00,in
4653,US1COME0010,Precip,2005-12-23T00:00:00.0000000-07:00,0.000000,,,N,,NOAA,2013-08-08T07:39:21.5800000-06:00,in
4653,US1COME0010,Precip,2005-12-24T00:00:00.0000000-07:00,0.000000,,,N,,NOAA,2013-08-08T07:39:21.5800000-06:00,in
4653,US1COME0010,Precip,2005-12-27T00:00:00.0000000-07:00,0.031496,,,N,,NOAA,2013-08-08T07:39:21.5800000-06:00,in
4653,US1COME0010,Precip,2005-12-28T00:00:00.0000000-07:00,0.000000,,,N,,NOAA,2013-08-08T07:39:21.5800000-06:00,in
4653,US1COME0010,Precip,2005-12-30T00:00:00.0000000-07:00,0.000000,,,N,,NOAA,2013-08-08T07:39:21.5800000-06:00,in
4653,US1COME0010,Precip,2005-12-31T00:00:00.0000000-07:00,0.011811,,,N,,NOAA,2013-08-08T07:39:21.5800000-06:00,in
4653,US1COME0010,Precip,2006-01-01T00:00:00.0000000-07:00,0.059055,,,N,,NOAA,2013-08-08T07:39:21.5800000-06:00,in
4653,US1COME0010,Precip,2006-01-02T00:00:00.0000000-07:00,0.000000,,,N,,NOAA,2013-08-08T07:39:21.5800000-06:00,in
4653,US1COME0010,Precip,2006-01-03T00:00:00.0000000-07:00,0.031496,,,N,,NOAA,2013-08-08T07:39:21.5800000-06:00,in
4653,US1COME0010,Precip,2006-01-04T00:00:00.0000000-07:00,0.000000,,,N,,NOAA,2013-08-08T07:39:21.5800000-06:00,in
4653,US1COME0010,Precip,2006-01-05T00:00:00.0000000-07:00,0.000000,,,N,,NOAA,2013-08-08T07:39:21.5800000-06:00,in
4653,US1COME0010,Precip,2006-01-08T00:00:00.0000000-07:00,0.000000,,,N,,NOAA,2013-08-08T07:39:21.5800000-06:00,in
4653,US1COME0010,Precip,2006-01-09T00:00:00.0000000-07:00,0.000000,,,N,,NOAA,2013-08-08T07:39:21.5800000-06:00,in
4653,US1COME0010,Precip,2006-01-10T00:00:00.0000000-07:00,0.000000,,,N,,NOAA,2013-08-08T07:39:21.5800000-06:00,in
4653,US1COME0010,Precip,2006-01-11T00:00:00.0000000-07:00,0.000000,,,N,,NOAA,2013-08-08T07:39:21.5800000-06:00,in
4653,US1COME0010,Precip,2006-01-16T00:00:00.0000000-07:00,0.110236,,,N,,NOAA,2013-08-08T07:39:21.5800000-06:00,in
4653,US1COME0010,Precip,2006-01-17T00:00:00.0000000-07:00,0.000000,,,N,,NOAA,2013-08-08T07:39:21.5800000-06:00,in
4653,US1COME0010,Precip,2006-01-18T00:00:00.0000000-07:00,0.000000,,,N,,NOAA,2013-08-08T07:39:21.5800000-06:00,in
4653,US1COME0010,Precip,2006-01-22T00:00:00.0000000-07:00,0.000000,,,N,,NOAA,2013-08-08T07:39:21.5800000-06:00,in
4653,US1COME0010,Precip,2006-01-23T00:00:00.0000000-07:00,0.000000,,,N,,NOAA,2013-08-08T07:39:21.5800000-06:00,in
4653,US1COME0010,Precip,2006-01-25T00:00:00.0000000-07:00,0.000000,,,N,,NOAA,2013-08-08T07:39:21.5800000-06:00,in
4653,US1COME0010,Precip,2006-01-30T00:00:00.0000000-07:00,0.000000,,,N,,NOAA,2013-08-08T07:39:21.5800000-06:00,in
4653,US1COME0010,Precip,2006-02-01T00:00:00.0000000-07:00,0.000000,,,N,,NOAA,2013-08-08T07:39:21.5800000-06:00,in
4653,US1COME0010,Precip,2006-02-03T00:00:00.0000000-07:00,0.000000,,,N,,NOAA,2013-08-08T07:39:21.5800000-06:00,in
4653,US1COME0010,Precip,2006-02-04T00:00:00.0000000-07:00,0.000000,,,N,,NOAA,2013-08-08T07:39:21.5800000-06:00,in
4653,US1COME0010,Precip,2006-02-18T00:00:00.0000000-07:00,0.000000,,,N,,NOAA,2013-08-08T07:39:21.5800000-06:00,in
4653,US1COME0010,Precip,2006-03-02T00:00:00.0000000-07:00,0.000000,,,N,,NOAA,2013-08-08T07:39:21.5800000-06:00,in
4653,US1COME0010,Precip,2006-03-03T00:00:00.0000000-07:00,0.000000,,,N,,NOAA,2013-08-08T07:39:21.5800000-06:00,in
4653,US1COME0010,Precip,2006-03-04T00:00:00.0000000-07:00,0.000000,,,N,,NOAA,2013-08-08T07:39:21.5800000-06:00,in
4653,US1COME0010,Precip,2006-03-05T00:00:00.0000000-07:00,0.000000,,,N,,NOAA,2013-08-08T07:39:21.5800000-06:00,in
4653,US1COME0010,Precip,2006-03-06T00:00:00.0000000-07:00,0.000000,,,N,,NOAA,2013-08-08T07:39:21.5800000-06:00,in
4653,US1COME0010,Precip,2006-03-07T00:00:00.0000000-07:00,0.000000,,,N,,NOAA,2013-08-08T07:39:21.5800000-06:00,in
4653,US1COME0010,Precip,2006-03-08T00:00:00.0000000-07:00,0.389764,,,N,,NOAA,2013-08-08T07:39:21.5800000-06:00,in
4653,US1COME0010,Precip,2006-03-09T00:00:00.0000000-07:00,0.000000,,,N,,NOAA,2013-08-08T07:39:21.5800000-06:00,in
4653,US1COME0010,Precip,2006-03-13T00:00:00.0000000-07:00,0.070866,,,N,,NOAA,2013-08-08T07:39:21.5800000-06:00,in
4653,US1COME0010,Precip,2006-03-16T00:00:00.0000000-07:00,0.000000,,,N,,NOAA,2013-08-08T07:39:21.5800000-06:00,in
4653,US1COME0010,Precip,2006-03-17T00:00:00.0000000-07:00,0.000000,,,N,,NOAA,2013-08-08T07:39:21.5800000-06:00,in
4653,US1COME0010,Precip,2006-03-20T00:00:00.0000000-07:00,0.000000,,,N,,NOAA,2013-08-08T07:39:21.5800000-06:00,in
4653,US1COME0010,Precip,2006-03-21T00:00:00.0000000-07:00,0.000000,,,N,,NOAA,2013-08-08T07:39:21.5800000-06:00,in
4653,US1COME0010,Precip,2006-03-22T00:00:00.0000000-07:00,0.000000,T,,N,,NOAA,2013-08-08T07:39:21.5800000-06:00,in
4653,US1COME0010,Precip,2006-03-23T00:00:00.0000000-07:00,0.000000,T,,N,,NOAA,2013-08-08T07:39:21.5800000-06:00,in
4653,US1COME0010,Precip,2006-03-24T00:00:00.0000000-07:00,0.000000,,,N,,NOAA,2013-08-08T07:39:21.5800000-06:00,in
4653,US1COME0010,Precip,2006-03-27T00:00:00.0000000-07:00,0.000000,,,N,,NOAA,2013-08-08T07:39:21.5800000-06:00,in
4653,US1COME0010,Precip,2006-03-28T00:00:00.0000000-07:00,0.000000,,,N,,NOAA,2013-08-08T07:39:21.5800000-06:00,in
4653,US1COME0010,Precip,2006-03-29T00:00:00.0000000-07:00,0.039370,,,N,,NOAA,2013-08-08T07:39:21.5800000-06:00,in
4653,US1COME0010,Precip,2006-03-30T00:00:00.0000000-07:00,0.468504,,,N,,NOAA,2013-08-08T07:39:21.5800000-06:00,in
4653,US1COME0010,Precip,2006-03-31T00:00:00.0000000-07:00,0.000000,,,N,,NOAA,2013-08-08T07:39:21.5800000-06:00,in
4653,US1COME0010,Precip,2006-04-01T00:00:00.0000000-07:00,0.019685,,,N,,NOAA,2013-08-08T07:39:21.5800000-06:00,in
4653,US1COME0010,Precip,2006-04-02T00:00:00.0000000-07:00,0.098425,,,N,,NOAA,2013-08-08T07:39:21.5800000-06:00,in
4653,US1COME0010,Precip,2006-04-03T00:00:00.0000000-06:00,0.000000,,,N,,NOAA,2013-08-08T07:39:21.5800000-06:00,in
4653,US1COME0010,Precip,2006-04-04T00:00:00.0000000-06:00,0.000000,,,N,,NOAA,2013-08-08T07:39:21.5800000-06:00,in
4653,US1COME0010,Precip,2006-04-05T00:00:00.0000000-06:00,0.000000,,,N,,NOAA,2013-08-08T07:39:21.5800000-06:00,in
4653,US1COME0010,Precip,2006-04-06T00:00:00.0000000-06:00,0.031496,,,N,,NOAA,2013-08-08T07:39:21.5800000-06:00,in
4653,US1COME0010,Precip,2006-04-07T00:00:00.0000000-06:00,0.031496,,,N,,NOAA,2013-08-08T07:39:21.5800000-06:00,in
4653,US1COME0010,Precip,2006-04-08T00:00:00.0000000-06:00,0.000000,,,N,,NOAA,2013-08-08T07:39:21.5800000-06:00,in
4653,US1COME0010,Precip,2006-04-10T00:00:00.0000000-06:00,0.000000,,,N,,NOAA,2013-08-08T07:39:21.5800000-06:00,in
4653,US1COME0010,Precip,2006-04-11T00:00:00.0000000-06:00,0.000000,,,N,,NOAA,2013-08-08T07:39:21.5800000-06:00,in
4653,US1COME0010,Precip,2006-04-12T00:00:00.0000000-06:00,0.000000,,,N,,NOAA,2013-08-08T07:39:21.5800000-06:00,in
4653,US1COME0010,Precip,2006-04-13T00:00:00.0000000-06:00,0.000000,,,N,,NOAA,2013-08-08T07:39:21.5800000-06:00,in
4653,US1COME0010,Precip,2006-04-14T00:00:00.0000000-06:00,0.000000,,,N,,NOAA,2013-08-08T07:39:21.5800000-06:00,in
4653,US1COME0010,Precip,2006-04-15T00:00:00.0000000-06:00,0.090551,,,N,,NOAA,2013-08-08T07:39:21.5800000-06:00,in
4653,US1COME0010,Precip,2006-04-17T00:00:00.0000000-06:00,0.000000,,,N,,NOAA,2013-08-08T07:39:21.5800000-06:00,in
4653,US1COME0010,Precip,2006-04-19T00:00:00.0000000-06:00,0.000000,,,N,,NOAA,2013-08-08T07:39:21.5800000-06:00,in
4653,US1COME0010,Precip,2006-04-20T00:00:00.0000000-06:00,0.000000,,,N,,NOAA,2013-08-08T07:39:21.5800000-06:00,in
4653,US1COME0010,Precip,2006-04-21T00:00:00.0000000-06:00,0.000000,,,N,,NOAA,2013-08-08T07:39:21.5800000-06:00,in
4653,US1COME0010,Precip,2006-04-23T00:00:00.0000000-06:00,0.000000,,,N,,NOAA,2013-08-08T07:39:21.5800000-06:00,in
4653,US1COME0010,Precip,2006-04-24T00:00:00.0000000-06:00,0.000000,,,N,,NOAA,2013-08-08T07:39:21.5800000-06:00,in
4653,US1COME0010,Precip,2006-04-25T00:00:00.0000000-06:00,0.000000,T,,N,,NOAA,2013-08-08T07:39:21.5800000-06:00,in
4653,US1COME0010,Precip,2006-04-26T00:00:00.0000000-06:00,0.000000,,,N,,NOAA,2013-08-08T07:39:21.5800000-06:00,in
4653,US1COME0010,Precip,2006-04-27T00:00:00.0000000-06:00,0.000000,,,N,,NOAA,2013-08-08T07:39:21.5800000-06:00,in
4653,US1COME0010,Precip,2006-04-28T00:00:00.0000000-06:00,0.000000,,,N,,NOAA,2013-08-08T07:39:21.5800000-06:00,in
4653,US1COME0010,Precip,2006-05-02T00:00:00.0000000-06:00,0.000000,,,N,,NOAA,2013-08-08T07:39:21.5800000-06:00,in
4653,US1COME0010,Precip,2006-05-03T00:00:00.0000000-06:00,0.000000,,,N,,NOAA,2013-08-08T07:39:21.5800000-06:00,in
4653,US1COME0010,Precip,2006-05-04T00:00:00.0000000-06:00,0.000000,,,N,,NOAA,2013-08-08T07:39:21.5800000-06:00,in
4653,US1COME0010,Precip,2006-05-05T00:00:00.0000000-06:00,0.019685,,,N,,NOAA,2013-08-08T07:39:21.5800000-06:00,in
4653,US1COME0010,Precip,2006-05-06T00:00:00.0000000-06:00,0.031496,,,N,,NOAA,2013-08-08T07:39:21.5800000-06:00,in
4653,US1COME0010,Precip,2006-05-08T00:00:00.0000000-06:00,0.000000,,,N,,NOAA,2013-08-08T07:39:21.5800000-06:00,in
4653,US1COME0010,Precip,2006-05-09T00:00:00.0000000-06:00,0.019685,,,N,,NOAA,2013-08-08T07:39:21.5800000-06:00,in
4653,US1COME0010,Precip,2006-05-10T00:00:00.0000000-06:00,0.000000,,,N,,NOAA,2013-08-08T07:39:21.5800000-06:00,in
4653,US1COME0010,Precip,2006-05-11T00:00:00.0000000-06:00,0.000000,,,N,,NOAA,2013-08-08T07:39:21.5800000-06:00,in
4653,US1COME0010,Precip,2006-05-12T00:00:00.0000000-06:00,0.000000,,,N,,NOAA,2013-08-08T07:39:21.5800000-06:00,in
4653,US1COME0010,Precip,2006-05-13T00:00:00.0000000-06:00,0.000000,,,N,,NOAA,2013-08-08T07:39:21.5800000-06:00,in
4653,US1COME0010,Precip,2006-05-15T00:00:00.0000000-06:00,0.000000,,,N,,NOAA,2013-08-08T07:39:21.5800000-06:00,in
4653,US1COME0010,Precip,2006-05-16T00:00:00.0000000-06:00,0.000000,,,N,,NOAA,2013-08-08T07:39:21.5800000-06:00,in
4653,US1COME0010,Precip,2006-05-17T00:00:00.0000000-06:00,0.000000,,,N,,NOAA,2013-08-08T07:39:21.5800000-06:00,in
4653,US1COME0010,Precip,2006-05-18T00:00:00.0000000-06:00,0.000000,,,N,,NOAA,2013-08-08T07:39:21.5800000-06:00,in
4653,US1COME0010,Precip,2006-05-19T00:00:00.0000000-06:00,0.000000,,,N,,NOAA,2013-08-08T07:39:21.5800000-06:00,in
4653,US1COME0010,Precip,2006-05-20T00:00:00.0000000-06:00,0.000000,,,N,,NOAA,2013-08-08T07:39:21.5800000-06:00,in
4653,US1COME0010,Precip,2006-06-02T00:00:00.0000000-06:00,0.000000,,,N,,NOAA,2013-08-08T07:39:21.5800000-06:00,in
4653,US1COME0010,Precip,2006-06-03T00:00:00.0000000-06:00,0.000000,,,N,,NOAA,2013-08-08T07:39:21.5800000-06:00,in
4653,US1COME0010,Precip,2006-06-04T00:00:00.0000000-06:00,0.000000,,,N,,NOAA,2013-08-08T07:39:21.5800000-06:00,in
4653,US1COME0010,Precip,2006-06-05T00:00:00.0000000-06:00,0.000000,,,N,,NOAA,2013-08-08T07:39:21.5800000-06:00,in
4653,US1COME0010,Precip,2006-06-06T00:00:00.0000000-06:00,0.000000,,,N,,NOAA,2013-08-08T07:39:21.5800000-06:00,in
4653,US1COME0010,Precip,2006-06-07T00:00:00.0000000-06:00,0.000000,,,N,,NOAA,2013-08-08T07:39:21.5800000-06:00,in
4653,US1COME0010,Precip,2006-06-08T00:00:00.0000000-06:00,0.031496,,,N,,NOAA,2013-08-08T07:39:21.5800000-06:00,in
4653,US1COME0010,Precip,2006-06-21T00:00:00.0000000-06:00,0.000000,,,N,,NOAA,2013-08-08T07:39:21.5800000-06:00,in
4653,US1COME0010,Precip,2006-06-22T00:00:00.0000000-06:00,0.000000,,,N,,NOAA,2013-08-08T07:39:21.5800000-06:00,in
4653,US1COME0010,Precip,2006-06-23T00:00:00.0000000-06:00,0.000000,,,N,,NOAA,2013-08-08T07:39:21.5800000-06:00,in
4653,US1COME0010,Precip,2006-06-26T00:00:00.0000000-06:00,0.000000,,,N,,NOAA,2013-08-08T07:39:21.5800000-06:00,in
4653,US1COME0010,Precip,2006-06-28T00:00:00.0000000-06:00,0.000000,,,N,,NOAA,2013-08-08T07:39:21.5800000-06:00,in
4653,US1COME0010,Precip,2006-06-29T00:00:00.0000000-06:00,0.000000,,,N,,NOAA,2013-08-08T07:39:21.5800000-06:00,in
4653,US1COME0010,Precip,2006-06-30T00:00:00.0000000-06:00,0.000000,,,N,,NOAA,2013-08-08T07:39:21.5800000-06:00,in
4653,US1COME0010,Precip,2006-07-01T00:00:00.0000000-06:00,0.000000,,,N,,NOAA,2013-08-08T07:39:21.5800000-06:00,in
4653,US1COME0010,Precip,2006-07-05T00:00:00.0000000-06:00,0.000000,,,N,,NOAA,2013-08-08T07:39:21.5800000-06:00,in
4653,US1COME0010,Precip,2006-07-06T00:00:00.0000000-06:00,0.000000,,,N,,NOAA,2013-08-08T07:39:21.5800000-06:00,in
4653,US1COME0010,Precip,2006-07-09T00:00:00.0000000-06:00,0.149606,,,N,,NOAA,2013-08-08T07:39:21.5800000-06:00,in
4653,US1COME0010,Precip,2006-07-10T00:00:00.0000000-06:00,0.129921,,,N,,NOAA,2013-08-08T07:39:21.5800000-06:00,in
4653,US1COME0010,Precip,2006-07-13T00:00:00.0000000-06:00,0.000000,,,N,,NOAA,2013-08-08T07:39:21.5800000-06:00,in
4653,US1COME0010,Precip,2006-07-14T00:00:00.0000000-06:00,0.000000,,,N,,NOAA,2013-08-08T07:39:21.5800000-06:00,in
4653,US1COME0010,Precip,2006-07-15T00:00:00.0000000-06:00,0.000000,,,N,,NOAA,2013-08-08T07:39:21.5800000-06:00,in
4653,US1COME0010,Precip,2006-07-16T00:00:00.0000000-06:00,0.000000,,,N,,NOAA,2013-08-08T07:39:21.5800000-06:00,in
4653,US1COME0010,Precip,2006-07-17T00:00:00.0000000-06:00,0.000000,,,N,,NOAA,2013-08-08T07:39:21.5800000-06:00,in
4653,US1COME0010,Precip,2006-07-18T00:00:00.0000000-06:00,0.000000,,,N,,NOAA,2013-08-08T07:39:21.5800000-06:00,in
4653,US1COME0010,Precip,2006-07-20T00:00:00.0000000-06:00,0.118110,,,N,,NOAA,2013-08-08T07:39:21.5800000-06:00,in
4653,US1COME0010,Precip,2006-07-21T00:00:00.0000000-06:00,0.000000,,,N,,NOAA,2013-08-08T07:39:21.5800000-06:00,in
4653,US1COME0010,Precip,2006-07-22T00:00:00.0000000-06:00,0.000000,,,N,,NOAA,2013-08-08T07:39:21.5800000-06:00,in
4653,US1COME0010,Precip,2006-07-24T00:00:00.0000000-06:00,0.000000,,,N,,NOAA,2013-08-08T07:39:21.5800000-06:00,in
4653,US1COME0010,Precip,2006-08-01T00:00:00.0000000-06:00,0.279528,,,N,,NOAA,2013-08-08T07:39:21.5800000-06:00,in
4653,US1COME0010,Precip,2006-08-04T00:00:00.0000000-06:00,0.000000,,,N,,NOAA,2013-08-08T07:39:21.5800000-06:00,in
4653,US1COME0010,Precip,2006-08-15T00:00:00.0000000-06:00,0.000000,,,N,,NOAA,2013-08-08T07:39:21.5800000-06:00,in
4653,US1COME0010,Precip,2006-08-16T00:00:00.0000000-06:00,0.539370,,,N,,NOAA,2013-08-08T07:39:21.5800000-06:00,in
4653,US1COME0010,Precip,2006-08-17T00:00:00.0000000-06:00,0.000000,,,N,,NOAA,2013-08-08T07:39:21.5800000-06:00,in
4653,US1COME0010,Precip,2006-08-18T00:00:00.0000000-06:00,0.000000,,,N,,NOAA,2013-08-08T07:39:21.5800000-06:00,in
4653,US1COME0010,Precip,2006-08-19T00:00:00.0000000-06:00,0.000000,,,N,,NOAA,2013-08-08T07:39:21.5800000-06:00,in
4653,US1COME0010,Precip,2006-08-21T00:00:00.0000000-06:00,0.000000,,,N,,NOAA,2013-08-08T07:39:21.5800000-06:00,in
4653,US1COME0010,Precip,2006-08-23T00:00:00.0000000-06:00,0.000000,,,N,,NOAA,2013-08-08T07:39:21.5800000-06:00,in
4653,US1COME0010,Precip,2006-08-25T00:00:00.0000000-06:00,0.000000,,,N,,NOAA,2013-08-08T07:39:21.5800000-06:00,in
4653,US1COME0010,Precip,2006-08-28T00:00:00.0000000-06:00,0.000000,,,N,,NOAA,2013-08-08T07:39:21.5800000-06:00,in
4653,US1COME0010,Precip,2006-08-29T00:00:00.0000000-06:00,0.000000,,,N,,NOAA,2013-08-08T07:39:21.5800000-06:00,in
4653,US1COME0010,Precip,2006-08-30T00:00:00.0000000-06:00,0.000000,,,N,,NOAA,2013-08-08T07:39:21.5800000-06:00,in
4653,US1COME0010,Precip,2006-08-31T00:00:00.0000000-06:00,0.000000,,,N,,NOAA,2013-08-08T07:39:21.5800000-06:00,in
4653,US1COME0010,Precip,2006-09-05T00:00:00.0000000-06:00,0.000000,,,N,,NOAA,2013-08-08T07:39:21.5800000-06:00,in
4653,US1COME0010,Precip,2006-09-06T00:00:00.0000000-06:00,0.000000,,,N,,NOAA,2013-08-08T07:39:21.5800000-06:00,in
4653,US1COME0010,Precip,2006-09-07T00:00:00.0000000-06:00,0.000000,,,N,,NOAA,2013-08-08T07:39:21.5800000-06:00,in
4653,US1COME0010,Precip,2006-09-14T00:00:00.0000000-06:00,0.000000,,,N,,NOAA,2013-08-08T07:39:21.5800000-06:00,in
4653,US1COME0010,Precip,2006-09-15T00:00:00.0000000-06:00,0.200787,,,N,,NOAA,2013-08-08T07:39:21.5800000-06:00,in
4653,US1COME0010,Precip,2006-09-18T00:00:00.0000000-06:00,0.000000,,,N,,NOAA,2013-08-08T07:39:21.5800000-06:00,in
4653,US1COME0010,Precip,2006-09-19T00:00:00.0000000-06:00,0.000000,,,N,,NOAA,2013-08-08T07:39:21.5800000-06:00,in
4653,US1COME0010,Precip,2006-09-21T00:00:00.0000000-06:00,0.208661,,,N,,NOAA,2013-08-08T07:39:21.5800000-06:00,in
4653,US1COME0010,Precip,2006-09-22T00:00:00.0000000-06:00,0.629921,,,N,,NOAA,2013-08-08T07:39:21.5800000-06:00,in
4653,US1COME0010,Precip,2006-09-23T00:00:00.0000000-06:00,0.059055,,,N,,NOAA,2013-08-08T07:39:21.5800000-06:00,in
4653,US1COME0010,Precip,2006-09-26T00:00:00.0000000-06:00,0.000000,,,N,,NOAA,2013-08-08T07:39:21.5800000-06:00,in
4653,US1COME0010,Precip,2006-09-27T00:00:00.0000000-06:00,0.000000,,,N,,NOAA,2013-08-08T07:39:21.5800000-06:00,in
4653,US1COME0010,Precip,2006-10-02T00:00:00.0000000-06:00,0.000000,,,N,,NOAA,2013-08-08T07:39:21.5800000-06:00,in
4653,US1COME0010,Precip,2006-10-03T00:00:00.0000000-06:00,0.078740,,,N,,NOAA,2013-08-08T07:39:21.5800000-06:00,in
4653,US1COME0010,Precip,2006-10-06T00:00:00.0000000-06:00,0.669291,,,N,,NOAA,2013-08-08T07:39:21.5800000-06:00,in
4653,US1COME0010,Precip,2006-10-07T00:00:00.0000000-06:00,1.188976,,,N,,NOAA,2013-08-08T07:39:21.5800000-06:00,in
4653,US1COME0010,Precip,2006-10-09T00:00:00.0000000-06:00,0.000000,,,N,,NOAA,2013-08-08T07:39:21.5800000-06:00,in
4653,US1COME0010,Precip,2006-10-13T00:00:00.0000000-06:00,0.000000,,,N,,NOAA,2013-08-08T07:39:21.5800000-06:00,in
4653,US1COME0010,Precip,2006-10-17T00:00:00.0000000-06:00,0.318898,,,N,,NOAA,2013-08-08T07:39:21.5800000-06:00,in
4653,US1COME0010,Precip,2006-10-18T00:00:00.0000000-06:00,0.031496,,,N,,NOAA,2013-08-08T07:39:21.5800000-06:00,in
4653,US1COME0010,Precip,2006-10-27T00:00:00.0000000-06:00,0.000000,T,,N,,NOAA,2013-08-08T07:39:21.5800000-06:00,in
4653,US1COME0010,Precip,2006-10-30T00:00:00.0000000-07:00,0.000000,,,N,,NOAA,2013-08-08T07:39:21.5800000-06:00,in
4653,US1COME0010,Precip,2006-10-31T00:00:00.0000000-07:00,0.000000,,,N,,NOAA,2013-08-08T07:39:21.5800000-06:00,in
4653,US1COME0010,Precip,2006-11-01T00:00:00.0000000-07:00,0.000000,,,N,,NOAA,2013-08-08T07:39:21.5800000-06:00,in
4653,US1COME0010,Precip,2006-11-02T00:00:00.0000000-07:00,0.000000,,,N,,NOAA,2013-08-08T07:39:21.5800000-06:00,in
4653,US1COME0010,Precip,2006-11-03T00:00:00.0000000-07:00,0.000000,,,N,,NOAA,2013-08-08T07:39:21.5800000-06:00,in
4653,US1COME0010,Precip,2006-11-05T00:00:00.0000000-07:00,0.000000,T,,N,,NOAA,2013-08-08T07:39:21.5800000-06:00,in
4653,US1COME0010,Precip,2006-11-06T00:00:00.0000000-07:00,0.000000,,,N,,NOAA,2013-08-08T07:39:21.5800000-06:00,in
4653,US1COME0010,Precip,2006-11-07T00:00:00.0000000-07:00,0.000000,,,N,,NOAA,2013-08-08T07:39:21.5800000-06:00,in
4653,US1COME0010,Precip,2006-11-09T00:00:00.0000000-07:00,0.000000,,,N,,NOAA,2013-08-08T07:39:21.5800000-06:00,in
4653,US1COME0010,Precip,2006-11-10T00:00:00.0000000-07:00,0.000000,,,N,,NOAA,2013-08-08T07:39:21.5800000-06:00,in
4653,US1COME0010,Precip,2006-11-11T00:00:00.0000000-07:00,0.000000,,,N,,NOAA,2013-08-08T07:39:21.5800000-06:00,in
4653,US1COME0010,Precip,2006-11-13T00:00:00.0000000-07:00,0.000000,,,N,,NOAA,2013-08-08T07:39:21.5800000-06:00,in
4653,US1COME0010,Precip,2006-11-15T00:00:00.0000000-07:00,0.000000,,,N,,NOAA,2013-08-08T07:39:21.5800000-06:00,in
4653,US1COME0010,Precip,2006-11-17T00:00:00.0000000-07:00,0.000000,,,N,,NOAA,2013-08-08T07:39:21.5800000-06:00,in
4653,US1COME0010,Precip,2006-11-18T00:00:00.0000000-07:00,0.000000,,,N,,NOAA,2013-08-08T07:39:21.5800000-06:00,in
4653,US1COME0010,Precip,2006-11-20T00:00:00.0000000-07:00,0.000000,,,N,,NOAA,2013-08-08T07:39:21.5800000-06:00,in
4653,US1COME0010,Precip,2006-11-21T00:00:00.0000000-07:00,0.000000,,,N,,NOAA,2013-08-08T07:39:21.5800000-06:00,in
4653,US1COME0010,Precip,2006-11-22T00:00:00.0000000-07:00,0.000000,,,N,,NOAA,2013-08-08T07:39:21.5800000-06:00,in
4653,US1COME0010,Precip,2006-11-23T00:00:00.0000000-07:00,0.000000,,,N,,NOAA,2013-08-08T07:39:21.5800000-06:00,in
4653,US1COME0010,Precip,2006-11-25T00:00:00.0000000-07:00,0.000000,,,N,,NOAA,2013-08-08T07:39:21.5800000-06:00,in
4653,US1COME0010,Precip,2006-11-27T00:00:00.0000000-07:00,0.000000,,,N,,NOAA,2013-08-08T07:39:21.5800000-06:00,in
4653,US1COME0010,Precip,2006-12-01T00:00:00.0000000-07:00,0.000000,,,N,,NOAA,2013-08-08T07:39:21.5800000-06:00,in
4653,US1COME0010,Precip,2006-12-02T00:00:00.0000000-07:00,0.000000,,,N,,NOAA,2013-08-08T07:39:21.5800000-06:00,in
4653,US1COME0010,Precip,2006-12-05T00:00:00.0000000-07:00,0.000000,,,N,,NOAA,2013-08-08T07:39:21.5800000-06:00,in
4653,US1COME0010,Precip,2006-12-06T00:00:00.0000000-07:00,0.000000,,,N,,NOAA,2013-08-08T07:39:21.5800000-06:00,in
4653,US1COME0010,Precip,2006-12-11T00:00:00.0000000-07:00,0.188976,,,N,,NOAA,2013-08-08T07:39:21.5800000-06:00,in
4653,US1COME0010,Precip,2006-12-13T00:00:00.0000000-07:00,0.000000,,,N,,NOAA,2013-08-08T07:39:21.5800000-06:00,in
4653,US1COME0010,Precip,2006-12-14T00:00:00.0000000-07:00,0.000000,,,N,,NOAA,2013-08-08T07:39:21.5800000-06:00,in
4653,US1COME0010,Precip,2006-12-16T00:00:00.0000000-07:00,0.000000,,,N,,NOAA,2013-08-08T07:39:21.5800000-06:00,in
4653,US1COME0010,Precip,2006-12-18T00:00:00.0000000-07:00,0.051181,,,N,,NOAA,2013-08-08T07:39:21.5800000-06:00,in
4653,US1COME0010,Precip,2006-12-27T00:00:00.0000000-07:00,0.000000,,,N,,NOAA,2013-08-08T07:39:21.5800000-06:00,in
4653,US1COME0010,Precip,2006-12-31T00:00:00.0000000-07:00,0.000000,,,N,,NOAA,2013-08-08T07:39:21.5800000-06:00,in
4653,US1COME0010,Precip,2007-01-01T00:00:00.0000000-07:00,0.000000,,,N,,NOAA,2013-08-08T07:39:21.5800000-06:00,in
4653,US1COME0010,Precip,2007-01-02T00:00:00.0000000-07:00,0.000000,,,N,,NOAA,2013-08-08T07:39:21.5800000-06:00,in
4653,US1COME0010,Precip,2007-01-03T00:00:00.0000000-07:00,0.000000,,,N,,NOAA,2013-08-08T07:39:21.5800000-06:00,in
4653,US1COME0010,Precip,2007-01-04T00:00:00.0000000-07:00,0.000000,,,N,,NOAA,2013-08-08T07:39:21.5800000-06:00,in
4653,US1COME0010,Precip,2007-01-08T00:00:00.0000000-07:00,0.000000,,,N,,NOAA,2013-08-08T07:39:21.5800000-06:00,in
4653,US1COME0010,Precip,2007-01-09T00:00:00.0000000-07:00,0.000000,,,N,,NOAA,2013-08-08T07:39:21.5800000-06:00,in
4653,US1COME0010,Precip,2007-01-10T00:00:00.0000000-07:00,0.000000,,,N,,NOAA,2013-08-08T07:39:21.5800000-06:00,in
4653,US1COME0010,Precip,2007-01-11T00:00:00.0000000-07:00,0.000000,,,N,,NOAA,2013-08-08T07:39:21.5800000-06:00,in
4653,US1COME0010,Precip,2007-01-13T00:00:00.0000000-07:00,0.409449,,,N,,NOAA,2013-08-08T07:39:21.5800000-06:00,in
4653,US1COME0010,Precip,2007-01-15T00:00:00.0000000-07:00,0.000000,,,N,,NOAA,2013-08-08T07:39:21.5800000-06:00,in
4653,US1COME0010,Precip,2007-01-17T00:00:00.0000000-07:00,0.000000,,,N,,NOAA,2013-08-08T07:39:21.5800000-06:00,in
4653,US1COME0010,Precip,2007-01-23T00:00:00.0000000-07:00,0.000000,,,N,,NOAA,2013-08-08T07:39:21.5800000-06:00,in
4653,US1COME0010,Precip,2007-01-24T00:00:00.0000000-07:00,0.000000,,,N,,NOAA,2013-08-08T07:39:21.5800000-06:00,in
4653,US1COME0010,Precip,2007-01-27T00:00:00.0000000-07:00,0.000000,,,N,,NOAA,2013-08-08T07:39:21.5800000-06:00,in
4653,US1COME0010,Precip,2007-01-28T00:00:00.0000000-07:00,0.000000,,,N,,NOAA,2013-08-08T07:39:21.5800000-06:00,in
4653,US1COME0010,Precip,2007-01-29T00:00:00.0000000-07:00,0.000000,,,N,,NOAA,2013-08-08T07:39:21.5800000-06:00,in
4653,US1COME0010,Precip,2007-01-30T00:00:00.0000000-07:00,0.000000,,,N,,NOAA,2013-08-08T07:39:21.5800000-06:00,in
4653,US1COME0010,Precip,2007-01-31T00:00:00.0000000-07:00,0.000000,,,N,,NOAA,2013-08-08T07:39:21.5800000-06:00,in
4653,US1COME0010,Precip,2007-02-05T00:00:00.0000000-07:00,0.000000,,,N,,NOAA,2013-08-08T07:39:21.5800000-06:00,in
4653,US1COME0010,Precip,2007-02-07T00:00:00.0000000-07:00,0.000000,,,N,,NOAA,2013-08-08T07:39:21.5800000-06:00,in
4653,US1COME0010,Precip,2007-02-16T00:00:00.0000000-07:00,0.000000,,,N,,NOAA,2013-08-08T07:39:21.5800000-06:00,in
4653,US1COME0010,Precip,2007-02-19T00:00:00.0000000-07:00,0.000000,,,N,,NOAA,2013-08-08T07:39:21.5800000-06:00,in
4653,US1COME0010,Precip,2007-03-26T00:00:00.0000000-06:00,0.000000,,,N,,NOAA,2013-08-08T07:39:21.5800000-06:00,in
4653,US1COME0010,Precip,2007-03-27T00:00:00.0000000-06:00,0.000000,,,N,,NOAA,2013-08-08T07:39:21.5800000-06:00,in
4653,US1COME0010,Precip,2007-03-28T00:00:00.0000000-06:00,0.208661,,,N,,NOAA,2013-08-08T07:39:21.5800000-06:00,in
4653,US1COME0010,Precip,2007-04-02T00:00:00.0000000-06:00,0.000000,,,N,,NOAA,2013-08-08T07:39:21.5800000-06:00,in
4653,US1COME0010,Precip,2007-04-03T00:00:00.0000000-06:00,0.000000,,,N,,NOAA,2013-08-08T07:39:21.5800000-06:00,in
4653,US1COME0010,Precip,2007-04-11T00:00:00.0000000-06:00,0.000000,,,N,,NOAA,2013-08-08T07:39:21.5800000-06:00,in
4653,US1COME0010,Precip,2007-04-17T00:00:00.0000000-06:00,0.059055,,,N,,NOAA,2013-08-08T07:39:21.5800000-06:00,in
4653,US1COME0010,Precip,2007-04-23T00:00:00.0000000-06:00,0.090551,,,N,,NOAA,2013-08-08T07:39:21.5800000-06:00,in
4653,US1COME0010,Precip,2007-04-26T00:00:00.0000000-06:00,0.000000,,,N,,NOAA,2013-08-08T07:39:21.5800000-06:00,in
4653,US1COME0010,Precip,2007-05-01T00:00:00.0000000-06:00,0.000000,,,N,,NOAA,2013-08-08T07:39:21.5800000-06:00,in
4653,US1COME0010,Precip,2007-05-02T00:00:00.0000000-06:00,0.051181,,,N,,NOAA,2013-08-08T07:39:21.5800000-06:00,in
4653,US1COME0010,Precip,2007-05-07T00:00:00.0000000-06:00,0.000000,,,N,,NOAA,2013-08-08T07:39:21.5800000-06:00,in
4653,US1COME0010,Precip,2007-05-09T00:00:00.0000000-06:00,0.000000,,,N,,NOAA,2013-08-08T07:39:21.5800000-06:00,in
4653,US1COME0010,Precip,2007-05-10T00:00:00.0000000-06:00,0.000000,,,N,,NOAA,2013-08-08T07:39:21.5800000-06:00,in
4653,US1COME0010,Precip,2007-05-11T00:00:00.0000000-06:00,0.000000,,,N,,NOAA,2013-08-08T07:39:21.5800000-06:00,in
4653,US1COME0010,Precip,2007-05-15T00:00:00.0000000-06:00,0.000000,,,N,,NOAA,2013-08-08T07:39:21.5800000-06:00,in
4653,US1COME0010,Precip,2007-05-17T00:00:00.0000000-06:00,0.000000,,,N,,NOAA,2013-08-08T07:39:21.5800000-06:00,in
4653,US1COME0010,Precip,2007-05-18T00:00:00.0000000-06:00,0.000000,,,N,,NOAA,2013-08-08T07:39:21.5800000-06:00,in
4653,US1COME0010,Precip,2007-05-21T00:00:00.0000000-06:00,0.000000,,,N,,NOAA,2013-08-08T07:39:21.5800000-06:00,in
4653,US1COME0010,Precip,2007-05-24T00:00:00.0000000-06:00,0.000000,,,N,,NOAA,2013-08-08T07:39:21.5800000-06:00,in
4653,US1COME0010,Precip,2007-05-25T00:00:00.0000000-06:00,0.000000,,,N,,NOAA,2013-08-08T07:39:21.5800000-06:00,in
4653,US1COME0010,Precip,2007-05-28T00:00:00.0000000-06:00,0.000000,,,N,,NOAA,2013-08-08T07:39:21.5800000-06:00,in
4653,US1COME0010,Precip,2007-06-02T00:00:00.0000000-06:00,0.000000,,,N,,NOAA,2013-08-08T07:39:21.5800000-06:00,in
4653,US1COME0010,Precip,2007-06-03T00:00:00.0000000-06:00,0.000000,,,N,,NOAA,2013-08-08T07:39:21.5800000-06:00,in
4653,US1COME0010,Precip,2007-07-13T00:00:00.0000000-06:00,0.000000,,,N,,NOAA,2013-08-08T07:39:21.5800000-06:00,in
4653,US1COME0010,Precip,2007-07-24T00:00:00.0000000-06:00,0.358268,,,N,,NOAA,2013-08-08T07:39:21.5800000-06:00,in
4653,US1COME0010,Precip,2007-08-09T00:00:00.0000000-06:00,0.000000,,,N,,NOAA,2013-08-08T07:39:21.5800000-06:00,in
4653,US1COME0010,Precip,2007-08-10T00:00:00.0000000-06:00,0.000000,,,N,,NOAA,2013-08-08T07:39:21.5800000-06:00,in
4653,US1COME0010,Precip,2007-08-12T00:00:00.0000000-06:00,0.000000,,,N,,NOAA,2013-08-08T07:39:21.5800000-06:00,in
4653,US1COME0010,Precip,2007-08-13T00:00:00.0000000-06:00,0.000000,,,N,,NOAA,2013-08-08T07:39:21.5800000-06:00,in
4653,US1COME0010,Precip,2007-08-14T00:00:00.0000000-06:00,0.000000,,,N,,NOAA,2013-08-08T07:39:21.5800000-06:00,in
4653,US1COME0010,Precip,2007-08-15T00:00:00.0000000-06:00,0.000000,T,,N,,NOAA,2013-08-08T07:39:21.5800000-06:00,in
4653,US1COME0010,Precip,2007-08-17T00:00:00.0000000-06:00,0.000000,,,N,,NOAA,2013-08-08T07:39:21.5800000-06:00,in
4653,US1COME0010,Precip,2007-08-19T00:00:00.0000000-06:00,0.000000,,,N,,NOAA,2013-08-08T07:39:21.5800000-06:00,in
4653,US1COME0010,Precip,2007-08-20T00:00:00.0000000-06:00,0.000000,,,N,,NOAA,2013-08-08T07:39:21.5800000-06:00,in
4653,US1COME0010,Precip,2007-08-21T00:00:00.0000000-06:00,0.000000,,,N,,NOAA,2013-08-08T07:39:21.5800000-06:00,in
4653,US1COME0010,Precip,2007-08-22T00:00:00.0000000-06:00,0.000000,,,N,,NOAA,2013-08-08T07:39:21.5800000-06:00,in
4653,US1COME0010,Precip,2007-08-23T00:00:00.0000000-06:00,0.000000,,,N,,NOAA,2013-08-08T07:39:21.5800000-06:00,in
4653,US1COME0010,Precip,2007-09-04T00:00:00.0000000-06:00,0.000000,,,N,,NOAA,2013-08-08T07:39:21.5800000-06:00,in
4653,US1COME0010,Precip,2007-09-13T00:00:00.0000000-06:00,0.000000,,,N,,NOAA,2013-08-08T07:39:21.5800000-06:00,in
4653,US1COME0010,Precip,2007-09-14T00:00:00.0000000-06:00,0.000000,,,N,,NOAA,2013-08-08T07:39:21.5800000-06:00,in
4653,US1COME0010,Precip,2007-09-19T00:00:00.0000000-06:00,0.000000,,,N,,NOAA,2013-08-08T07:39:21.5800000-06:00,in
4653,US1COME0010,Precip,2007-09-26T00:00:00.0000000-06:00,0.000000,,,N,,NOAA,2013-08-08T07:39:21.5800000-06:00,in
4653,US1COME0010,Precip,2007-10-01T00:00:00.0000000-06:00,0.000000,,,N,,NOAA,2013-08-08T07:39:21.5800000-06:00,in
4653,US1COME0010,Precip,2007-10-02T00:00:00.0000000-06:00,0.421260,,,N,,NOAA,2013-08-08T07:39:21.5800000-06:00,in
4653,US1COME0010,Precip,2007-10-10T00:00:00.0000000-06:00,0.000000,,,N,,NOAA,2013-08-08T07:39:21.5800000-06:00,in
4653,US1COME0010,Precip,2007-10-15T00:00:00.0000000-06:00,0.000000,,,N,,NOAA,2013-08-08T07:39:21.5800000-06:00,in
4653,US1COME0010,Precip,2007-10-16T00:00:00.0000000-06:00,0.000000,,,N,,NOAA,2013-08-08T07:39:21.5800000-06:00,in
4653,US1COME0010,Precip,2007-10-17T00:00:00.0000000-06:00,0.000000,,,N,,NOAA,2013-08-08T07:39:21.5800000-06:00,in
4653,US1COME0010,Precip,2008-06-20T00:00:00.0000000-06:00,0.000000,,,N,,NOAA,2013-08-08T07:39:21.5800000-06:00,in