analysisWdid,locationWdid,sum_wtd_count
3600645,5300584,45.376
3600645,7200645,7.166
3600649,3603543,287.166
3600649,5300584,0.584
3600649,7200645,14.332
3600660,5300584,0.292
3600671,3603543,287.166
3600671,5300584,0.584
3600671,7200645,14.332
3600687,3603543,143.583
3600687,5300584,0.292
3600687,7200645,7.166
3600709,5300584,136.128
3600709,7200645,14.332
3600734,3603543,143.583
3600734,5300584,0.292
3600734,7200645,7.166
3600775,5300584,45.376
3600775,7200645,7.166
3600776,5300584,45.376
3600776,7200645,7.166
3600780,3603543,143.583
3600780,5300584,0.292
3600780,7200645,7.166
3600796,3603543,143.583
3600796,5300584,0.292
3600796,7200645,7.166
3600803,5300584,45.376
3600803,7200645,7.166
3600830,3603543,143.583
3600830,5300584,0.292
3600830,7200645,7.166
3600912,5300584,0.292
3600985,5300584,45.376
3600985,7200645,7.166
3601044,3603543,143.583
3601044,5300584,0.292
3601044,3604512,14.0
3601044,7200645,7.166
3601051,5300584,0.292
3601052,5300584,0.292
3601058,3603543,143.583
3601058,5300584,0.292
3601058,7200645,7.166
3601085,3603543,143.583
3601085,5300584,0.292
3601085,3604512,14.0
3601085,7200645,7.166
3601100,3603543,143.583
3601100,5300584,0.292
3601100,7200645,7.166
3602030,3603543,143.583
3602030,5300584,0.292
3602030,3604512,14.0
3602030,7200645,7.166
3602033,3603543,143.583
3602033,5300584,0.292
3602033,3604512,14.0
3602033,7200645,7.166
3602037,3603543,143.583
3602037,5300584,0.292
3602037,3604512,14.0
3602037,7200645,7.166
3602043,3603543,157.583
3602043,5300584,0.292
3602043,7200645,7.166
3602044,3603543,157.583
3602044,5300584,0.292
3602044,7200645,7.166
3602045,3603543,157.583
3602045,5300584,0.292
3602045,7200645,7.166
3602046,3603543,157.583
3602046,5300584,0.292
3602046,7200645,7.166
3602047,3603543,157.583
3602047,5300584,0.292
3602047,7200645,7.166
3602048,3603543,157.583
3602048,5300584,0.292
3602048,7200645,7.166
3602049,5300584,45.376
3602049,7200645,7.166
3603533,3603543,143.583
3603533,5300584,0.292
3603533,7200645,7.166
3603534,3603543,143.583
3603534,5300584,0.292
3603534,7200645,7.166
3603537,5300584,45.376
3603537,7200645,7.166
3603538,5300584,0.292
3603538,3600868,76.916
3603539,3603543,157.583
3603539,5300584,0.292
3603539,7200645,7.166
3603542,3603543,143.583
3603542,5300584,0.292
3603542,3604512,14.0
3603542,7200645,7.166
3603543,3603543,143.583
3603543,5300584,0.584
3603543,7200645,14.332
3603544,5300584,45.376
3603544,7200645,7.166
3603545,5300584,45.376
3603545,7200645,7.166
3603548,5300584,90.752
3603548,7200645,14.332
3603549,5300584,45.376
3603549,7200645,7.166
3603555,3603543,143.583
3603555,5300584,0.292
3603555,7200645,7.166
3603565,3603543,143.583
3603565,5300584,0.292
3603565,7200645,7.166
3603569,3603543,143.583
3603569,5300584,0.292
3603569,7200645,7.166
3603570,3603543,143.583
3603570,5300584,0.292
3603570,3604512,14.0
3603570,7200645,7.166
3603571,5300584,45.376
3603571,7200645,7.166
3603573,3603543,143.583
3603573,5300584,0.292
3603573,7200645,7.166
3603574,3603543,143.583
3603574,5300584,0.292
3603574,7200645,7.166
3603575,3603543,458.749
3603575,5300584,0.8759999999999999
3603575,3604512,73.334
3603575,7200645,21.497999999999998
3603578,5300584,45.376
3603578,7200645,7.166
3603579,5300584,45.376
3603579,7200645,7.166
3603580,5300584,45.376
3603580,7200645,7.166
3603581,5300584,45.376
3603581,7200645,7.166
3603582,5300584,45.376
3603582,7200645,7.166
3603583,3603543,301.166
3603583,5300584,0.584
3603583,7200645,14.332
3603584,3603543,143.583
3603584,5300584,0.292
3603584,3604512,14.0
3603584,7200645,7.166
3603585,3603543,143.583
3603585,5300584,0.292
3603585,3604512,14.0
3603585,7200645,7.166
3603586,3603543,143.583
3603586,5300584,0.292
3603586,3604512,14.0
3603586,7200645,7.166
3603587,3603543,143.583
3603587,5300584,0.292
3603587,3604512,14.0
3603587,7200645,7.166
3603588,3603543,143.583
3603588,5300584,0.292
3603588,3604512,14.0
3603588,7200645,7.166
3603589,3603543,143.583
3603589,5300584,0.292
3603589,3604512,14.0
3603589,7200645,7.166
3603591,3603543,143.583
3603591,5300584,0.292
3603591,7200645,7.166
3603592,3603543,143.583
3603592,5300584,0.292
3603592,7200645,7.166
3603593,3603543,143.583
3603593,5300584,0.292
3603593,7200645,7.166
3603594,3603543,143.583
3603594,5300584,0.292
3603594,3604512,14.0
3603594,7200645,7.166
3603595,3603543,143.583
3603595,5300584,0.292
3603595,3604512,14.0
3603595,7200645,7.166
3603596,3603543,143.583
3603596,5300584,0.292
3603596,3604512,14.0
3603596,7200645,7.166
3603599,3603543,143.583
3603599,5300584,0.292
3603599,3604512,14.0
3603599,7200645,7.166
3603604,5300584,45.376
3603604,7200645,7.166
3603605,3603543,143.583
3603605,5300584,0.292
3603605,3600868,76.916
3603606,3603543,143.583
3603606,5300584,0.292
3603606,3604512,14.0
3603606,7200645,7.166
3603610,3603543,143.583
3603610,5300584,0.292
3603610,7200645,7.166
3603611,3603543,143.583
3603611,5300584,0.292
3603611,7200645,7.166
3603612,3603543,143.583
3603612,5300584,0.292
3603612,7200645,7.166
3603613,3603543,143.583
3603613,5300584,0.292
3603613,7200645,7.166
3603614,3603543,143.583
3603614,5300584,0.292
3603614,7200645,7.166
3603615,3603543,143.583
3603615,5300584,0.292
3603615,7200645,7.166
3603616,3603543,143.583
3603616,5300584,0.292
3603616,7200645,7.166
3603617,3603543,143.583
3603617,5300584,0.292
3603617,7200645,7.166
3603624,3603543,287.166
3603624,5300584,0.584
3603624,3604512,28.0
3603624,7200645,14.332
3603625,3603543,143.583
3603625,5300584,0.292
3603625,7200645,7.166
3603628,5300584,45.376
3603628,7200645,7.166
3603635,3603543,143.583
3603635,5300584,0.292
3603635,7200645,7.166
3603636,3603543,143.583
3603636,5300584,0.292
3603636,7200645,7.166
3603638,3603543,143.583
3603638,5300584,0.292
3603638,7200645,7.166
3603644,3603543,157.583
3603644,5300584,0.292
3603644,7200645,7.166
3603645,3603543,157.583
3603645,5300584,0.292
3603645,7200645,7.166
3603651,3603543,157.583
3603651,5300584,0.292
3603651,7200645,7.166
3603652,3603543,157.583
3603652,5300584,0.292
3603652,7200645,7.166
3603655,3603543,157.583
3603655,5300584,0.292
3603655,7200645,7.166
3603656,3603543,157.583
3603656,5300584,0.292
3603656,3604512,29.667
3603656,7200645,7.166
3603657,3603543,157.583
3603657,5300584,0.292
3603657,7200645,7.166
3603661,5300584,45.376
3603661,7200645,7.166
3603662,3603543,143.583
3603662,5300584,0.292
3603662,7200645,7.166
3603664,3603543,143.583
3603664,5300584,0.292
3603664,7200645,7.166
3603665,3603543,143.583
3603665,5300584,0.292
3603665,7200645,7.166
3603666,3603543,143.583
3603666,5300584,0.292
3603666,7200645,7.166
3603667,3603543,143.583
3603667,5300584,0.292
3603667,7200645,7.166
3603668,3603543,143.583
3603668,5300584,0.292
3603668,7200645,7.166
3603669,3603543,143.583
3603669,5300584,0.292
3603669,7200645,7.166
3603670,3603543,143.583
3603670,5300584,0.292
3603670,7200645,7.166
3603672,3603543,157.583
3603672,5300584,0.292
3603672,7200645,7.166
3603673,3603543,157.583
3603673,5300584,0.292
3603673,7200645,7.166
3603674,5300584,45.376
3603674,7200645,7.166
3603675,5300584,45.376
3603675,7200645,7.166
3603678,3603543,157.583
3603678,5300584,0.292
3603678,7200645,7.166
3603679,3603543,157.583
3603679,5300584,0.292
3603679,7200645,7.166
3603680,3603543,157.583
3603680,5300584,0.292
3603680,7200645,7.166
3603683,3603543,157.583
3603683,5300584,0.292
3603683,7200645,7.166
3603684,3603543,157.583
3603684,5300584,0.292
3603684,7200645,7.166
3603685,3603543,157.583
3603685,5300584,0.292
3603685,7200645,7.166
3603686,3603543,157.583
3603686,5300584,0.292
3603686,7200645,7.166
3603688,3603543,157.583
3603688,5300584,0.292
3603688,7200645,7.166
3603690,3603543,157.583
3603690,5300584,0.292
3603690,3604512,29.667
3603690,7200645,7.166
3603691,3603543,157.583
3603691,5300584,0.292
3603691,7200645,7.166
3603692,3603543,143.583
3603692,5300584,0.292
3603692,7200645,7.166
3603693,3603543,157.583
3603693,5300584,0.292
3603693,7200645,7.166
3603694,3603543,301.166
3603694,5300584,0.584
3603694,3604512,43.667
3603694,7200645,14.332
3603698,3603543,157.583
3603698,5300584,0.292
3603698,7200645,7.166
3603699,3603543,157.583
3603699,5300584,0.292
3603699,7200645,7.166
3603700,3603543,157.583
3603700,5300584,0.292
3603700,7200645,7.166
3603701,3603543,157.583
3603701,5300584,0.292
3603701,7200645,7.166
3604512,3603543,143.583
3604512,5300584,0.292
3604512,3604512,14.0
3604512,7200645,7.166
3604683,3603543,143.583
3604683,5300584,0.292
3604683,3604512,14.0
3604683,7200645,7.166
3604684,3603543,143.583
3604684,5300584,0.292
3604684,7200645,7.166
3604685,5300584,0.292
3604687,3603543,143.583
3604687,5300584,0.292
3604687,3604512,14.0
3604687,7200645,7.166
3604688,3603543,143.583
3604688,5300584,0.292
3604688,3604512,14.0
3604688,7200645,7.166
3604690,3603543,143.583
3604690,5300584,0.292
3604690,3604512,14.0
3604690,7200645,7.166
3604692,3603543,143.583
3604692,5300584,0.584
3604692,3604512,14.0
3604692,7200645,7.166
3604696,3603543,143.583
3604696,5300584,0.292
3604696,3604512,14.0
3604696,7200645,7.166
3604699,3603543,143.583
3604699,5300584,0.292
3604699,3604512,14.0
3604699,7200645,7.166
3604923,3603543,287.166
3604923,5300584,1.46
3604923,7200645,14.332
3607293,3603543,157.583
3607293,5300584,0.292
3607293,3604512,29.667
3607293,7200645,7.166
3700560,5300584,45.376
3700613,5300584,45.376
3700613,7200645,7.166
3700642,5300584,45.376
3700658,5300584,45.376
3700682,5300584,45.376
3700683,5300584,45.376
3700683,7200645,7.166
3700684,5300584,45.376
3700684,7200645,7.166
3700694,5300584,45.376
3700708,5300584,45.376
3700708,7200645,7.166
3700711,5300584,45.376
3700835,5300584,45.376
3700835,7200645,7.166
3700848,5300584,90.752
3700848,7200645,7.166
3700857,5300584,45.376
3701066,5300584,45.376
3701086,5300584,45.376
3701086,7200645,7.166
3701255,5300584,45.376
3701255,7200645,7.166
3701290,5300584,45.376
3701300,5300584,45.376
3701300,7200645,7.166
3701412,5300584,45.376
3701412,3702057,16.0
3701412,7200645,7.166
3701413,5300584,45.376
3701413,3702057,16.0
3701413,7200645,7.166
3701414,5300584,45.376
3701414,3702057,16.0
3701414,7200645,7.166
3701416,5300584,45.376
3701416,7200645,7.166
3701417,5300584,45.376
3701417,7200645,7.166
3701418,5300584,45.376
3701418,7200645,7.166
3702002,5300584,45.376
3702002,7200645,7.166
3702012,5300584,45.376
3702012,7200645,7.166
3702018,5300584,45.376
3702018,7200645,7.166
3702028,5300584,45.376
3702028,7200645,7.166
3702034,5300584,45.376
3702041,5300584,45.376
3702041,7200645,7.166
3702042,5300584,45.376
3702042,7200645,7.166
3702043,5300584,45.376
3702043,7200645,7.166
3702046,5300584,45.376
3702048,5300584,45.376
3702048,7200645,7.166
3702056,5300584,90.752
3702056,7200645,14.332
3702057,5300584,45.376
3702057,7200645,7.166
3702059,5300584,45.376
3702059,7200645,7.166
3703403,5300584,45.376
3703403,3702057,16.0
3703403,7200645,7.166
3703510,5300584,45.376
3703510,3702057,16.0
3703510,7200645,7.166
3703513,5300584,45.376
3703516,5300584,90.752
3703516,3700534,215.916
3703517,5300584,90.752
3703517,3700534,215.916
3703520,5300584,45.376
3703520,3700539,83.75
3703522,5300584,45.376
3703522,3700534,107.958
3703523,5300584,45.376
3703523,7200645,7.166
3703524,5300584,544.512
3703524,7200645,14.332
3703528,3700539,8.0
3703530,5300584,45.376
3703533,5300584,45.376
3703533,7200645,7.166
3703534,5300584,45.376
3703534,7200645,7.166
3703535,5300584,45.376
3703535,7200645,7.166
3703536,5300584,45.376
3703536,7200645,7.166
3703537,5300584,45.376
3703537,7200645,7.166
3703538,5300584,45.376
3703538,7200645,7.166
3703539,5300584,45.376
3703539,7200645,7.166
3703540,5300584,45.376
3703540,3700539,83.75
3703541,5300584,45.376
3703541,7200645,7.166
3703542,5300584,45.376
3703542,7200645,7.166
3703543,5300584,45.376
3703543,7200645,7.166
3703544,5300584,45.376
3703545,5300584,90.752
3703546,5300584,45.376
3703546,7200645,7.166
3703547,5300584,45.376
3703547,7200645,7.166
3703550,5300584,45.376
3703550,7200645,7.166
3703551,5300584,45.376
3703551,7200645,7.166
3703552,5300584,45.376
3703552,7200645,7.166
3703554,5300584,45.376
3703554,7200645,7.166
3703556,5300584,45.376
3703556,7200645,7.166
3703569,5300584,45.376
3703569,7200645,7.166
3703580,5300584,45.376
3703580,7200645,7.166
3703590,5300584,45.376
3703590,7200645,7.166
3703591,5300584,45.376
3703591,3700539,83.75
3703594,5300584,45.376
3703594,3702057,16.0
3703594,7200645,7.166
3703595,5300584,45.376
3703595,3702057,16.0
3703595,7200645,7.166
3703596,5300584,136.128
3703596,7200645,21.497999999999998
3703597,5300584,45.376
3703597,7200645,7.166
3703598,5300584,45.376
3703598,3702057,16.0
3703598,7200645,7.166
3703600,5300584,90.752
3703600,7200645,14.332
3703601,5300584,45.376
3703601,7200645,7.166
3703603,5300584,45.376
3703603,7200645,7.166
3703604,5300584,45.376
3703604,7200645,7.166
3703605,5300584,45.376
3703605,7200645,7.166
3703606,5300584,45.376
3703606,7200645,7.166
3703607,5300584,45.376
3703607,7200645,7.166
3703608,5300584,90.752
3703608,3702057,32.0
3703608,7200645,14.332
3703614,5300584,45.376
3703614,7200645,7.166
3703616,5300584,45.376
3703616,7200645,7.166
3703627,5300584,45.376
3703627,7200645,7.166
3703630,5300584,45.376
3703630,7200645,7.166
3703635,5300584,45.376
3703635,7200645,7.166
3703644,5300584,45.376
3703644,7200645,7.166
3703645,5300584,45.376
3703645,7200645,7.166
3703659,5300584,90.752
3703659,7200645,14.332
3703665,5300584,45.376
3703665,7200645,7.166
3703681,5300584,45.376
3703681,7200645,7.166
3703682,5300584,45.376
3703682,7200645,7.166
3703683,5300584,45.376
3703683,7200645,7.166
3703684,5300584,90.752
3703684,7200645,14.332
3703686,5300584,45.376
3703686,7200645,7.166
3703688,5300584,45.376
3703688,7200645,7.166
3703689,5300584,90.752
3703689,7200645,14.332
3703690,5300584,45.376
3703690,7200645,7.166
3703695,5300584,45.376
3703695,7200645,7.166
3703696,5300584,45.376
3703696,7200645,7.166
3703697,5300584,45.376
3703697,7200645,7.166
3703699,5300584,45.376
3703699,3702034,31.0
3703703,5300584,45.376
3703703,7200645,7.166
3703704,5300584,45.376
3703704,7200645,7.166
3703706,5300584,45.376
3703706,3702034,31.0
3703718,5300584,45.376
3703718,7200645,7.166
3703723,5300584,45.376
3703723,7200645,7.166
3703724,5300584,45.376
3703724,7200645,7.166
3703727,5300584,45.376
3703727,7200645,7.166
3703730,5300584,45.376
3703730,7200645,7.166
3703731,5300584,45.376
3703731,7200645,7.166
3703732,5300584,45.376
3703732,7200645,7.166
3703735,5300584,45.376
3703735,7200645,7.166
3703736,5300584,45.376
3703736,7200645,7.166
3703742,5300584,45.376
3703742,3702034,31.0
3703743,5300584,45.376
3703743,7200645,7.166
3703744,5300584,45.376
3703744,7200645,7.166
3703745,5300584,45.376
3703745,7200645,7.166
3703746,5300584,45.376
3703746,7200645,7.166
3703747,5300584,45.376
3703747,7200645,7.166
3703748,5300584,45.376
3703748,7200645,7.166
3703750,5300584,45.376
3703750,7200645,7.166
3703751,5300584,45.376
3703751,7200645,7.166
3703753,5300584,45.376
3703753,7200645,7.166
3703754,5300584,45.376
3703754,7200645,7.166
3703755,5300584,45.376
3703755,7200645,7.166
3703756,5300584,45.376
3703756,7200645,7.166
3703757,5300584,45.376
3703757,7200645,7.166
3703759,5300584,45.376
3703759,7200645,7.166
3703760,5300584,45.376
3703760,7200645,7.166
3703765,5300584,45.376
3703765,7200645,7.166
3703769,5300584,45.376
3703769,7200645,7.166
3703770,5300584,45.376
3703770,7200645,7.166
3703774,5300584,45.376
3703774,7200645,7.166
3703778,5300584,45.376
3703778,7200645,7.166
3703781,5300584,45.376
3703781,7200645,7.166
3703782,5300584,45.376
3703782,7200645,7.166
3703783,5300584,45.376
3703783,7200645,7.166
3703785,5300584,45.376
3703785,7200645,7.166
3703786,5300584,45.376
3703786,7200645,7.166
3703788,5300584,45.376
3703788,7200645,7.166
3703789,5300584,45.376
3703789,7200645,7.166
3703792,5300584,45.376
3703792,7200645,7.166
3703793,5300584,45.376
3703793,7200645,7.166
3703795,5300584,45.376
3703795,7200645,7.166
3703796,5300584,45.376
3703796,7200645,7.166
3703797,5300584,45.376
3703797,7200645,7.166
3703798,5300584,45.376
3703798,7200645,7.166
3703799,5300584,45.376
3703799,7200645,7.166
3703801,5300584,45.376
3703801,7200645,7.166
3703802,5300584,45.376
3703802,7200645,7.166
3703803,5300584,45.376
3703803,7200645,7.166
3703804,5300584,45.376
3703804,7200645,7.166
3703805,5300584,45.376
3703805,7200645,7.166
3703807,5300584,45.376
3703807,7200645,7.166
3703808,5300584,45.376
3703808,7200645,7.166
3703809,5300584,45.376
3703809,7200645,7.166
3703811,5300584,45.376
3703811,3700539,83.75
3703813,5300584,45.376
3703813,7200645,7.166
3703814,5300584,45.376
3703814,7200645,7.166
3703816,5300584,45.376
3703816,3700539,83.75
3703817,5300584,45.376
3703817,7200645,7.166
3703818,5300584,45.376
3703818,7200645,7.166
3703820,5300584,45.376
3703820,7200645,7.166
3703822,5300584,45.376
3703822,3700539,83.75
3703825,5300584,45.376
3703825,7200645,7.166
3703829,5300584,45.376
3703829,7200645,7.166
3703830,5300584,45.376
3703830,7200645,7.166
3703833,5300584,45.376
3703833,7200645,7.166
3703836,5300584,45.376
3703836,3700539,83.75
3703838,5300584,45.376
3703838,7200645,7.166
3703840,5300584,45.376
3703840,3700539,83.75
3703842,5300584,45.376
3703842,3700539,83.75
3703843,5300584,45.376
3703843,7200645,7.166
3703847,5300584,45.376
3703847,7200645,7.166
3703851,5300584,45.376
3703851,3700539,83.75
3703855,5300584,45.376
3703855,7200645,7.166
3703856,5300584,45.376
3703856,7200645,7.166
3703858,5300584,45.376
3703858,7200645,7.166
3703859,5300584,45.376
3703859,7200645,7.166
3703863,5300584,45.376
3703863,3700539,83.75
3703877,5300584,45.376
3703877,7200645,7.166
3703878,5300584,45.376
3703878,7200645,7.166
3703879,5300584,45.376
3703879,7200645,7.166
3703880,5300584,45.376
3703880,7200645,7.166
3703882,5300584,45.376
3703882,7200645,7.166
3703883,5300584,45.376
3703883,3700539,83.75
3703884,5300584,45.376
3703884,7200645,7.166
3703889,5300584,45.376
3703889,7200645,7.166
3703891,5300584,45.376
3703891,7200645,7.166
3703892,5300584,45.376
3703892,7200645,7.166
3703893,5300584,45.376
3703893,7200645,7.166
3703894,5300584,45.376
3703894,7200645,7.166
3703898,5300584,45.376
3703898,7200645,7.166
3703899,5300584,45.376
3703899,7200645,7.166
3703900,5300584,45.376
3703900,7200645,7.166
3703901,5300584,45.376
3703901,7200645,7.166
3703902,5300584,45.376
3703902,7200645,7.166
3703903,5300584,45.376
3703903,7200645,7.166
3703904,5300584,45.376
3703904,7200645,7.166
3703905,5300584,45.376
3703905,7200645,7.166
3703906,5300584,45.376
3703906,7200645,7.166
3703907,5300584,45.376
3703907,7200645,7.166
3703908,5300584,45.376
3703908,7200645,7.166
3703909,5300584,45.376
3703909,7200645,7.166
3703910,5300584,45.376
3703910,7200645,7.166
3703911,5300584,45.376
3703911,7200645,7.166
3703913,5300584,45.376
3703913,7200645,7.166
3703914,5300584,45.376
3703914,7200645,7.166
3703924,5300584,45.376
3703924,7200645,7.166
3703925,5300584,45.376
3703925,7200645,7.166
3703926,5300584,45.376
3703926,7200645,7.166
3703927,5300584,45.376
3703927,7200645,7.166
3703930,5300584,45.376
3703930,7200645,7.166
3703931,5300584,45.376
3703931,7200645,7.166
3703934,5300584,45.376
3703934,7200645,7.166
3703935,5300584,45.376
3703935,7200645,7.166
3703936,5300584,45.376
3703936,7200645,7.166
3703937,5300584,45.376
3703937,7200645,7.166
3703938,5300584,45.376
3703938,7200645,7.166
3703939,5300584,45.376
3703939,7200645,7.166
3703943,5300584,45.376
3703943,7200645,7.166
3703944,5300584,45.376
3703944,7200645,7.166
3703948,5300584,45.376
3703948,7200645,7.166
3703949,5300584,45.376
3703949,7200645,7.166
3703950,5300584,45.376
3703950,7200645,7.166
3703951,5300584,45.376
3703951,7200645,7.166
3703952,5300584,45.376
3703952,7200645,7.166
3703953,5300584,45.376
3703953,7200645,7.166
3703954,5300584,45.376
3703954,7200645,7.166
3703955,5300584,45.376
3703955,7200645,7.166
3703956,5300584,45.376
3703956,7200645,7.166
3703958,5300584,45.376
3703958,7200645,7.166
3703960,5300584,45.376
3703960,7200645,7.166
3703969,5300584,45.376
3703969,7200645,7.166
3703976,5300584,45.376
3703976,7200645,7.166
3703977,5300584,45.376
3703977,7200645,7.166
3703983,5300584,45.376
3703983,7200645,7.166
3703984,5300584,45.376
3703984,7200645,7.166
3703987,5300584,45.376
3703987,7200645,7.166
3703990,5300584,45.376
3703990,7200645,7.166
3703991,5300584,45.376
3703991,7200645,7.166
3703992,5300584,45.376
3703992,7200645,7.166
3703993,5300584,45.376
3703993,7200645,7.166
3703995,5300584,45.376
3703995,7200645,7.166
3704015,5300584,45.376
3704015,7200645,7.166
3704016,5300584,45.376
3704016,7200645,7.166
3704017,5300584,45.376
3704017,7200645,7.166
3704021,5300584,45.376
3704021,7200645,7.166
3704022,5300584,45.376
3704022,7200645,7.166
3704024,5300584,45.376
3704024,7200645,7.166
3704028,5300584,45.376
3704028,7200645,7.166
3704029,5300584,45.376
3704029,7200645,7.166
3704030,5300584,45.376
3704030,7200645,7.166
3704031,5300584,45.376
3704031,7200645,7.166
3704032,5300584,45.376
3704032,7200645,7.166
3704033,5300584,45.376
3704033,7200645,7.166
3704034,5300584,45.376
3704034,7200645,7.166
3704035,5300584,45.376
3704035,7200645,7.166
3704036,5300584,45.376
3704036,7200645,7.166
3704037,5300584,45.376
3704037,7200645,7.166
3704038,5300584,45.376
3704038,7200645,7.166
3704039,5300584,45.376
3704039,7200645,7.166
3704040,5300584,45.376
3704040,7200645,7.166
3704041,5300584,45.376
3704041,7200645,7.166
3704042,5300584,45.376
3704042,7200645,7.166
3704043,5300584,45.376
3704043,7200645,7.166
3704044,5300584,45.376
3704044,7200645,7.166
3704046,5300584,45.376
3704046,7200645,7.166
3704047,5300584,45.376
3704047,7200645,7.166
3704050,5300584,45.376
3704050,3700539,83.75
3704051,5300584,45.376
3704051,3700539,83.75
3704052,5300584,45.376
3704052,3700539,83.75
3704065,5300584,45.376
3704065,7200645,7.166
3704078,5300584,45.376
3704078,7200645,7.166
3704093,5300584,45.376
3704093,7200645,7.166
3704516,5300584,45.376
3704516,7200645,7.166
3704614,5300584,45.376
3704614,7200645,7.166
3704643,5300584,45.376
3704643,7200645,7.166
3704648,5300584,45.376
3800517,7200645,7.166
3800528,7200645,7.166
3800547,7200645,5.916
3800570,7200645,5.916
3800574,7200645,5.916
3800606,3801132,69.708
3800653,7200645,7.166
3800712,7200645,7.166
3800715,7200645,7.166
3800740,7200645,7.166
3800749,7200645,7.166
3800755,7200645,7.166
3800757,7200645,7.166
3800768,7200645,7.166
3800789,7200645,7.166
3800809,7200645,7.166
3800838,7200645,7.166
3800840,7200645,5.916
3800854,7200645,7.166
3800880,7200645,0.25
3800880,3800989,31.0
3800881,3800569,72.0
3800890,7200645,7.166
3800920,7200645,7.166
3800924,3801132,69.708
3800930,7200645,7.166
3800948,3802114,21.0
3800948,7200645,5.916
3800968,7200645,7.166
3800970,7200645,5.916
3800996,7200645,7.166
3801012,7200645,7.166
3801028,7200645,7.166
3801038,7200645,5.916
3801062,7200645,7.166
3801073,3801132,139.416
3801078,7200645,14.332
3801146,7200645,7.166
3801147,7200645,5.916
3801360,7200645,7.166
3801418,7200645,7.166
3801661,3801132,69.708
3801707,7200645,7.166
3801708,7200645,7.166
3801709,7200645,7.166
3801763,3802049,81.146
3801763,7200645,14.332
3801764,3802049,81.146
3801764,7200645,7.166
3801766,7200645,14.332
3801767,7200645,7.166
3801768,7200645,7.166
3801773,7200645,7.166
3801775,7200645,7.166
3802000,7200645,14.332
3802006,3802114,21.0
3802006,7200645,5.916
3802007,3802114,21.0
3802007,7200645,5.916
3802010,3802114,21.0
3802010,7200645,5.916
3802011,3802114,21.0
3802011,7200645,5.916
3802029,3802002,52.896
3802029,7200645,7.166
3802032,3802114,21.0
3802032,7200645,5.916
3802077,7200645,7.166
3802111,7200645,7.166
3802112,7200645,7.166
3802113,3802002,105.792
3802113,7200645,14.332
3802114,7200645,5.916
3802115,7200645,5.916
3802116,3802114,21.0
3802116,7200645,5.916
3803500,7200645,7.166
3803501,7200645,7.166
3803502,7200645,7.166
3803504,3801132,69.708
3803508,3800925,36.0
3803508,7200645,7.166
3803511,3800688,3.0
3803511,7200645,7.166
3803512,3800688,3.0
3803512,7200645,7.166
3803513,7200645,14.332
3803514,3802114,21.0
3803514,7200645,5.916
3803515,7200645,7.166
3803516,7200645,7.166
3803520,7200645,7.166
3803521,7200645,7.166
3803522,7200645,7.166
3803523,7200645,7.166
3803524,7200645,7.166
3803525,7200645,7.166
3803526,3800688,3.0
3803526,7200645,7.166
3803527,7200645,7.166
3803529,3800925,36.0
3803529,7200645,7.166
3803530,3800925,36.0
3803530,7200645,7.166
3803532,3800925,36.0
3803532,7200645,7.166
3803537,7200645,7.166
3803538,7200645,7.166
3803542,3800925,36.0
3803542,7200645,7.166
3803543,3800925,36.0
3803543,7200645,7.166
3803544,7200645,7.166
3803547,3802114,21.0
3803547,7200645,5.916
3803548,3800925,36.0
3803548,7200645,7.166
3803549,7200645,7.166
3803552,7200645,7.166
3803553,7200645,7.166
3803554,7200645,7.166
3803557,7200645,7.166
3803559,7200645,7.166
3803560,7200645,7.166
3803561,7200645,7.166
3803562,7200645,7.166
3803565,7200645,7.166
3803566,7200645,7.166
3803569,3802114,21.0
3803569,7200645,5.916
3803571,7200645,7.166
3803573,7200645,7.166
3803575,7200645,7.166
3803578,7200645,7.166
3803579,7200645,7.166
3803580,7200645,7.166
3803581,7200645,7.166
3803582,7200645,7.166
3803583,7200645,7.166
3803584,7200645,7.166
3803585,7200645,7.166
3803586,7200645,7.166
3803587,7200645,7.166
3803588,7200645,7.166
3803589,7200645,7.166
3803590,7200645,7.166
3803592,7200645,7.166
3803593,7200645,7.166
3803594,7200645,7.166
3803597,7200645,7.166
3803598,7200645,7.166
3803599,7200645,7.166
3803600,7200645,7.166
3803601,7200645,7.166
3803602,7200645,7.166
3803604,7200645,7.166
3803606,3800688,3.0
3803606,7200645,7.166
3803607,7200645,7.166
3803609,7200645,7.166
3803610,7200645,7.166
3803611,3802114,21.0
3803611,7200645,5.916
3803612,7200645,7.166
3803613,7200645,7.166
3803614,7200645,7.166
3803615,7200645,7.166
3803619,7200645,7.166
3803622,7200645,7.166
3803624,7200645,7.166
3803626,3800925,36.0
3803626,7200645,7.166
3803627,3800925,36.0
3803627,7200645,7.166
3803632,7200645,0.25
3803632,3800989,31.0
3803635,7200645,7.166
3803638,3800860,3.0
3803638,7200645,7.166
3803639,3800860,3.0
3803639,7200645,7.166
3803640,3800860,3.0
3803640,7200645,7.166
3803641,3800860,3.0
3803641,7200645,7.166
3803646,7200645,7.166
3803647,7200645,7.166
3803648,7200645,7.166
3803649,7200645,7.166
3803654,7200645,7.166
3803655,7200645,7.166
3803657,3800688,3.0
3803657,7200645,7.166
3803660,3800925,36.0
3803660,7200645,7.166
3803663,7200645,7.166
3803668,7200645,7.166
3803669,7200645,7.166
3803670,7200645,7.166
3803671,7200645,7.166
3803673,7200645,7.166
3803674,7200645,7.166
3803675,7200645,7.166
3803676,3801132,69.708
3803679,3802114,21.0
3803679,7200645,5.916
3803685,7200645,7.166
3803687,7200645,7.166
3803688,7200645,7.166
3803690,7200645,7.166
3803691,7200645,7.166
3803692,7200645,7.166
3803693,7200645,7.166
3803695,7200645,7.166
3803697,7200645,7.166
3803698,7200645,7.166
3803699,7200645,7.166
3803700,7200645,7.166
3803704,7200645,7.166
3803705,7200645,7.166
3803711,7200645,14.332
3803713,7200645,14.332
3803717,7200645,7.166
3803721,7200645,7.166
3803722,3800925,72.0
3803722,7200645,14.332
3803726,7200645,7.166
3803727,3802020,44.874
3803729,7200645,7.166
3803730,7200645,0.25
3803730,3800989,31.0
3803731,7200645,0.25
3803731,3800989,31.0
3803733,7200645,14.332
3803740,3800925,36.0
3803740,7200645,7.166
3803743,7200645,7.166
3803745,7200645,5.916
3803746,3802049,81.146
3803746,7200645,7.166
3803747,3802114,21.0
3803747,7200645,5.916
3803751,3800925,72.0
3803751,7200645,14.332
3803752,3800925,36.0
3803752,7200645,7.166
3803754,7200645,7.166
3803759,7200645,14.332
3803760,7200645,7.166
3803761,3802114,42.0
3803761,7200645,11.832
3803762,3802114,21.0
3803762,7200645,5.916
3803763,3802114,21.0
3803763,7200645,5.916
3803764,3802114,21.0
3803764,7200645,5.916
3803765,3802114,21.0
3803765,7200645,5.916
3803766,3802114,21.0
3803766,7200645,5.916
3803767,3802114,21.0
3803767,7200645,5.916
3803768,3802114,21.0
3803768,7200645,5.916
3803769,3802114,21.0
3803769,7200645,5.916
3803770,3802114,21.0
3803770,7200645,5.916
3803771,3802114,21.0
3803771,7200645,5.916
3803772,3802114,21.0
3803772,7200645,5.916
3803773,7200645,7.166
3803774,7200645,7.166
3803775,7200645,7.166
3803776,3802049,162.292
3803776,7200645,14.332
3803778,7200645,7.166
3803779,7200645,7.166
3803780,7200645,7.166
3803781,3802114,21.0
3803781,7200645,5.916
3803785,3800860,3.0
3803785,7200645,7.166
3803786,3800569,72.0
3803786,7200645,7.166
3803789,3800688,3.0
3803789,7200645,7.166
3803790,3800688,3.0
3803790,7200645,7.166
3803793,7200645,7.166
3803794,7200645,7.166
3803795,7200645,7.166
3803796,7200645,7.166
3803797,3802114,147.0
3803797,7200645,41.412
3803798,3802114,21.0
3803798,7200645,5.916
3803799,3802114,21.0
3803799,7200645,5.916
3803801,7200645,7.166
3803802,7200645,7.166
3803803,7200645,7.166
3803807,7200645,7.166
3803814,7200645,14.332
3803815,7200645,21.497999999999998
3803820,7200645,7.166
3803821,3801132,69.708
3803822,3800688,3.0
3803822,7200645,7.166
3803823,7200645,7.166
3803826,7200645,7.166
3803827,7200645,5.916
3803829,7200645,7.166
3803830,3802002,52.896
3803830,7200645,7.166
3803832,7200645,7.166
3803835,7200645,50.162
3803837,7200645,7.166
3803844,3800557,80.0
3803844,3800688,3.0
3803844,7200645,7.166
3803846,7200645,5.916
3803848,7200645,0.25
3803848,3800989,31.0
3803849,7200645,5.916
3803852,7200645,5.916
3803853,7200645,5.916
3803854,3800688,3.0
3803854,7200645,7.166
3803863,3800688,6.0
3803863,7200645,14.332
3803865,7200645,7.166
3803866,7200645,7.166
3803871,3800557,80.0
3803871,3800688,3.0
3803871,7200645,7.166
3803872,3802114,21.0
3803872,7200645,5.916
3803873,3801132,69.708
3803877,3802114,21.0
3803877,7200645,5.916
3803879,3802114,21.0
3803879,7200645,5.916
3803881,7200645,5.916
3803895,7200645,0.25
3803895,3800989,31.0
3803898,7200645,7.166
3803901,7200645,7.166
3803907,7200645,7.166
3803908,7200645,7.166
3803909,7200645,7.166
3803910,7200645,7.166
3803911,7200645,7.166
3803912,7200645,7.166
3803913,7200645,14.332
3803914,7200645,7.166
3803915,7200645,7.166
3803916,7200645,7.166
3803917,7200645,14.332
3803918,7200645,7.166
3803919,7200645,7.166
3803920,7200645,7.166
3803921,7200645,7.166
3803926,7200645,7.166
3803927,7200645,7.166
3803928,3800860,3.0
3803928,7200645,7.166
3803930,3800860,3.0
3803930,7200645,7.166
3803934,7200645,7.166
3803935,7200645,5.916
3803936,7200645,7.166
3803938,3800688,3.0
3803938,7200645,7.166
3803939,7200645,7.166
3803940,7200645,7.166
3803941,7200645,7.166
3803942,7200645,7.166
3803943,7200645,7.166
3803945,3802114,21.0
3803945,7200645,5.916
3803946,7200645,7.166
3803947,7200645,5.916
3803948,7200645,7.166
3803950,7200645,14.332
3803951,7200645,7.166
3803953,7200645,7.166
3803954,7200645,7.166
3803955,3800925,36.0
3803955,7200645,7.166
3803956,7200645,5.916
3803959,3800925,36.0
3803959,7200645,7.166
3803960,3802114,21.0
3803960,7200645,5.916
3803966,7200645,14.332
3803968,7200645,14.332
3803969,7200645,14.332
3803970,3800925,36.0
3803970,7200645,7.166
3803971,7200645,7.166
3803972,7200645,7.166
3803973,7200645,7.166
3803974,7200645,7.166
3803975,7200645,5.916
3803976,7200645,5.916
3803977,7200645,7.166
3803978,7200645,7.166
3803979,7200645,7.166
3803980,3802114,21.0
3803980,7200645,5.916
3803981,3802114,21.0
3803981,7200645,5.916
3803982,3802114,21.0
3803982,7200645,5.916
3803983,3802114,21.0
3803983,7200645,5.916
3803984,7200645,7.166
3803985,3800860,6.0
3803985,7200645,14.332
3803986,7200645,7.166
3803988,3800688,3.0
3803988,7200645,7.166
3803989,3800688,3.0
3803989,7200645,7.166
3803990,3800688,3.0
3803990,7200645,7.166
3803992,7200645,7.166
3803993,7200645,7.166
3803996,3801132,69.708
3803998,3802114,21.0
3803998,7200645,5.916
3804000,7200645,5.916
3804006,3801132,69.708
3804007,3801132,69.708
3804008,3801132,69.708
3804009,7200645,14.332
3804010,7200645,5.916
3804011,7200645,14.332
3804012,7200645,7.166
3804013,7200645,7.166
3804014,7200645,7.166
3804015,7200645,7.166
3804016,7200645,7.166
3804017,7200645,7.166
3804018,7200645,7.166
3804019,7200645,21.497999999999998
3804020,7200645,7.166
3804022,3802114,21.0
3804022,7200645,5.916
3804023,7200645,7.166
3804024,7200645,7.166
3804025,7200645,7.166
3804026,7200645,7.166
3804027,7200645,7.166
3804028,7200645,7.166
3804029,7200645,7.166
3804030,7200645,7.166
3804031,7200645,7.166
3804032,7200645,7.166
3804035,7200645,5.916
3804036,7200645,5.916
3804037,7200645,5.916
3804038,7200645,5.916
3804039,7200645,5.916
3804040,7200645,5.916
3804041,7200645,5.916
3804042,7200645,5.916
3804043,7200645,5.916
3804044,7200645,5.916
3804045,7200645,5.916
3804046,7200645,5.916
3804047,7200645,5.916
3804050,7200645,7.166
3804051,7200645,7.166
3804052,7200645,7.166
3804057,7200645,14.332
3804060,7200645,7.166
3804066,7200645,7.166
3804067,7200645,14.332
3804068,7200645,7.166
3804069,7200645,7.166
3804070,7200645,0.25
3804070,3800989,31.0
3804072,3802114,21.0
3804072,7200645,5.916
3804073,3802114,21.0
3804073,7200645,5.916
3804074,3802002,52.896
3804074,7200645,7.166
3804075,7200645,7.166
3804076,7200645,7.166
3804079,3802114,21.0
3804079,7200645,5.916
3804082,7200645,14.332
3804083,3801132,69.708
3804084,3801132,69.708
3804085,3801132,69.708
3804086,7200645,0.25
3804086,3800989,31.0
3804087,7200645,7.166
3804088,7200645,7.166
3804090,7200645,7.166
3804091,7200645,7.166
3804092,3802002,52.896
3804092,7200645,7.166
3804097,7200645,7.166
3804098,7200645,7.166
3804099,7200645,7.166
3804100,7200645,7.166
3804105,3802114,21.0
3804105,7200645,5.916
3804106,7200645,7.166
3804107,7200645,7.166
3804108,7200645,7.166
3804110,7200645,7.166
3804111,7200645,7.166
3804112,7200645,7.166
3804113,7200645,7.166
3804116,7200645,0.25
3804116,3800989,31.0
3804117,7200645,0.25
3804117,3800989,31.0
3804118,7200645,0.25
3804118,3800989,31.0
3804119,7200645,0.25
3804119,3800989,31.0
3804120,7200645,0.25
3804120,3800989,31.0
3804121,7200645,0.25
3804121,3800989,31.0
3804122,7200645,0.25
3804122,3800989,31.0
3804123,7200645,0.25
3804123,3800989,31.0
3804124,7200645,0.25
3804124,3800989,31.0
3804125,7200645,0.25
3804125,3800989,31.0
3804126,7200645,0.25
3804126,3800989,31.0
3804127,7200645,7.166
3804128,7200645,7.166
3804129,7200645,7.166
3804130,7200645,14.332
3804131,7200645,0.25
3804131,3800989,31.0
3804132,7200645,0.25
3804132,3800989,31.0
3804134,7200645,0.25
3804134,3800989,31.0
3804136,7200645,14.332
3804137,7200645,7.166
3804138,3802002,52.896
3804138,7200645,7.166
3804139,7200645,7.166
3804140,7200645,7.166
3804141,7200645,7.166
3804143,7200645,14.332
3804144,7200645,14.332
3804146,7200645,7.166
3804147,7200645,7.166
3804148,7200645,7.166
3804149,7200645,7.166
3804150,3802002,52.896
3804150,7200645,7.166
3804151,7200645,7.166
3804154,7200645,7.166
3804155,7200645,7.166
3804156,7200645,7.166
3804157,7200645,7.166
3804158,3802002,105.792
3804158,7200645,14.332
3804174,7200645,7.166
3804198,7200645,14.332
3804199,7200645,7.166
3804202,7200645,7.166
3804203,7200645,7.166
3804204,7200645,7.166
3804206,7200645,7.166
3804207,7200645,7.166
3804208,7200645,7.166
3804209,7200645,7.166
3804210,7200645,7.166
3804211,3802114,21.0
3804211,7200645,5.916
3804212,7200645,7.166
3804214,7200645,7.166
3804215,7200645,7.166
3804217,7200645,7.166
3804221,7200645,7.166
3804222,7200645,7.166
3804225,7200645,7.166
3804226,7200645,7.166
3804227,7200645,7.166
3804228,7200645,7.166
3804236,3802114,21.0
3804236,7200645,5.916
3804237,3802114,21.0
3804237,7200645,5.916
3804244,7200645,7.166
3804250,7200645,7.166
3804251,7200645,7.166
3804252,7200645,7.166
3804264,3800925,36.0
3804264,7200645,7.166
3804266,7200645,7.166
3804267,3800860,3.0
3804267,7200645,7.166
3804268,3800860,3.0
3804268,7200645,7.166
3804277,3801132,69.708
3804279,7200645,7.166
3804283,7200645,7.166
3804284,7200645,7.166
3804285,7200645,7.166
3804287,7200645,7.166
3804289,7200645,7.166
3804291,7200645,0.25
3804291,3800989,31.0
3804292,7200645,0.25
3804292,3800989,31.0
3804294,7200645,14.332
3804295,7200645,7.166
3804298,7200645,7.166
3804299,7200645,7.166
3804300,7200645,7.166
3804301,3802114,147.0
3804301,7200645,41.412
3804302,3802114,21.0
3804302,7200645,5.916
3804303,3802114,21.0
3804303,7200645,5.916
3804304,3802114,21.0
3804304,7200645,5.916
3804305,3802114,21.0
3804305,7200645,5.916
3804306,3802114,21.0
3804306,7200645,5.916
3804307,3802114,21.0
3804307,7200645,5.916
3804311,7200645,7.166
3804314,7200645,7.166
3804316,3802114,21.0
3804316,7200645,5.916
3804317,3801132,69.708
3804323,3801132,69.708
3804327,7200645,7.166
3804330,7200645,7.166
3804331,7200645,7.166
3804332,7200645,7.166
3804333,7200645,7.166
3804335,7200645,7.166
3804336,7200645,7.166
3804337,7200645,7.166
3804340,7200645,14.332
3804345,7200645,7.166
3804346,7200645,7.166
3804347,7200645,7.166
3804348,7200645,7.166
3804349,7200645,7.166
3804350,7200645,7.166
3804351,7200645,7.166
3804352,7200645,7.166
3804354,7200645,7.166
3804355,7200645,14.332
3804359,3801132,69.708
3804364,3801132,69.708
3804365,7200645,7.166
3804366,7200645,7.166
3804367,7200645,7.166
3804375,7200645,7.166
3804378,3801132,69.708
3804379,3801132,69.708
3804380,3801132,69.708
3804386,3800925,36.0
3804386,7200645,7.166
3804390,7200645,7.166
3804391,7200645,7.166
3804392,7200645,14.332
3804394,7200645,7.166
3804396,7200645,35.83
3804399,3802114,42.0
3804399,7200645,11.832
3804401,7200645,7.166
3804402,7200645,7.166
3804403,7200645,7.166
3804404,7200645,7.166
3804405,7200645,7.166
3804408,7200645,7.166
3804410,7200645,7.166
3804411,7200645,7.166
3804414,7200645,7.166
3804419,7200645,28.664
3804420,7200645,21.497999999999998
3804423,7200645,28.664
3804443,7200645,7.166
3804444,7200645,7.166
3804445,7200645,7.166
3804446,7200645,7.166
3804447,7200645,7.166
3804448,7200645,7.166
3804617,7200645,7.166
3804625,3802020,44.874
3804680,7200645,5.916
3805749,7200645,7.166
3806523,3800688,3.0
3806523,7200645,7.166
3815032,3802114,21.0
3815032,7200645,5.916
3817084,7200645,7.166
3900540,3900539,58.396
3900548,7200645,14.332
3900563,7200645,7.166
3900610,7200645,7.166
3900635,7200645,7.166
3900638,3900539,58.396
3900649,7200645,7.166
3900649,3903508,56.667
3900663,7200645,7.166
3900672,3900687,39.0
3900687,3900687,39.0
3900709,7200645,7.166
3900728,7200645,7.166
3902021,7200645,7.166
3902023,7200645,7.166
3903500,7200645,7.166
3903503,7200645,7.166
3903505,7200645,7.166
3903506,3900646,94.959
3903508,7200645,7.166
3903512,7200645,7.166
3903513,7200645,7.166
3903516,7200645,7.166
3903530,3900687,39.0
3903531,7200645,7.166
3903531,3903508,56.667
3903532,7200645,7.166
3903532,3903508,56.667
3903534,7200645,7.166
3903537,7200645,7.166
3903539,3900687,39.0
3903540,7200645,7.166
3903540,3903508,56.667
3903541,7200645,7.166
3903541,3903508,56.667
3903542,7200645,7.166
3903543,7200645,7.166
3903544,7200645,7.166
3903545,7200645,7.166
3903549,3900687,39.0
3903551,3900687,78.0
3903552,7200645,7.166
3903552,3903508,56.667
3903553,7200645,7.166
3903555,7200645,7.166
3903556,3900687,39.0
3903558,7200645,7.166
3903561,7200645,7.166
3903562,7200645,7.166
3903563,7200645,7.166
3903564,7200645,7.166
3903565,7200645,7.166
3903571,3900539,58.396
3903572,3900539,58.396
3903573,3900687,39.0
3903575,3900687,39.0
3903576,7200645,7.166
3903577,7200645,7.166
3903578,7200645,7.166
3903579,7200645,7.166
3903580,7200645,7.166
3903581,7200645,7.166
3903586,7200645,7.166
3903587,7200645,7.166
3903588,7200645,7.166
3903589,7200645,7.166
3903590,7200645,7.166
3903591,7200645,7.166
3903592,7200645,7.166
3903593,7200645,7.166
3903594,7200645,7.166
3903594,3903508,56.667
3903595,7200645,7.166
3903595,3903508,56.667
3903596,7200645,7.166
3903596,3903508,56.667
3903597,7200645,7.166
3903603,7200645,14.332
3903604,7200645,7.166
3903605,7200645,14.332
3903609,7200645,7.166
3903665,3900687,39.0
3903921,3900539,58.396
3903922,3900661,364.0
3903923,3900661,364.0
3903927,7200645,7.166
3903928,7200645,7.166
3903931,7200645,7.166
3903935,7200645,7.166
3903935,3903508,56.667
3903936,7200645,7.166
3903937,7200645,7.166
3903938,7200645,7.166
3903940,3900687,39.0
3903941,7200645,7.166
3903942,7200645,7.166
3903943,7200645,7.166
3903949,3900539,58.396
3903950,3900539,58.396
3903953,7200645,7.166
3903954,3900661,364.0
3903956,7200645,7.166
3903967,7200645,7.166
3903968,7200645,7.166
3903991,7200645,7.166
3903992,7200645,7.166
3903994,3900646,94.959
3903994,3903508,56.667
3903996,3900646,94.959
3903996,3903508,56.667
3903997,3900646,94.959
3903997,3903508,56.667
3903998,7200645,7.166
3904001,7200645,7.166
3904005,3900646,94.959
3904005,3903508,56.667
3904006,7200645,7.166
3904007,7200645,7.166
3904008,7200645,7.166
3904010,3900539,58.396
3904011,3900539,58.396
3904012,7200645,7.166
3904014,3900646,94.959
3904014,3903508,56.667
3905288,7200645,7.166
3905300,7200645,7.166
4500584,4500790,78.0
4500635,7200645,7.166
4500699,7200645,7.166
4500749,4500823,87.0
4500749,7200645,7.166
4500790,4500790,78.0
4500793,7200645,7.166
4500845,7200645,7.166
4500861,7200645,7.166
4500969,7200645,14.332
4503500,7200645,7.166
4503501,7200645,7.166
4503502,7200645,7.166
4503503,7200645,7.166
4503509,7200645,7.166
4503510,7200645,7.166
4503520,4500790,78.0
4503520,7200645,7.166
4503521,4500790,78.0
4503521,7200645,7.166
4503526,7200645,7.166
4503527,7200645,7.166
4503531,7200645,7.166
4503533,7200645,7.166
4503542,7200645,7.166
4503543,7200645,7.166
4503544,7200645,7.166
4503545,7200645,7.166
4503546,7200645,7.166
4503547,7200645,7.166
4503548,4500813,1.0
4503548,7200645,7.166
4503549,7200645,7.166
4503552,4500823,87.0
4503552,7200645,7.166
4503554,7200645,7.166
4503555,7200645,7.166
4503556,7200645,7.166
4503557,7200645,7.166
4503558,7200645,7.166
4503559,7200645,7.166
4503560,7200645,7.166
4503561,7200645,7.166
4503562,7200645,7.166
4503563,7200645,7.166
4503564,7200645,7.166
4503565,7200645,7.166
4503566,7200645,7.166
4503567,7200645,7.166
4503569,7200645,7.166
4503570,7200645,7.166
4503574,4500514,121.0
4503574,4500570,8.0
4503574,4500625,20.0
4503574,4500638,14.0
4503574,4500706,1.0
4503574,4500732,4.0
4503574,4500758,3.0
4503575,4500514,121.0
4503575,4500570,8.0
4503575,4500625,20.0
4503575,4500638,14.0
4503575,4500706,1.0
4503575,4500732,4.0
4503575,4500758,3.0
4503576,4500514,121.0
4503576,4500570,8.0
4503576,4500625,20.0
4503576,4500638,14.0
4503576,4500706,1.0
4503576,4500732,4.0
4503576,4500758,3.0
4503590,7200645,14.332
4503591,7200645,14.332
4503595,7200645,7.166
4503596,7200645,7.166
4503597,7200645,7.166
4503598,7200645,7.166
4503599,7200645,7.166
4503600,7200645,7.166
4503601,7200645,7.166
4503602,7200645,7.166
4503603,7200645,14.332
4503604,7200645,7.166
4503605,7200645,7.166
4503606,7200645,7.166
4503607,7200645,7.166
4503608,7200645,7.166
4503609,7200645,14.332
4503610,7200645,7.166
4503611,7200645,7.166
4503612,7200645,7.166
4503613,7200645,7.166
4503614,7200645,7.166
4503615,7200645,7.166
4503616,7200645,7.166
4503619,7200645,7.166
4503620,7200645,7.166
4503621,7200645,7.166
4503623,7200645,7.166
4503625,7200645,7.166
4503626,7200645,7.166
4503627,7200645,7.166
4503630,7200645,7.166
4503631,7200645,7.166
4503632,7200645,7.166
4503633,7200645,7.166
4503634,7200645,7.166
4503635,7200645,7.166
4503638,7200645,7.166
4503639,7200645,7.166
4503640,7200645,7.166
4503641,7200645,7.166
4503642,7200645,7.166
4503643,7200645,7.166
4503646,7200645,7.166
4503648,7200645,7.166
4503655,7200645,7.166
4503662,7200645,7.166
4503663,7200645,7.166
4503664,7200645,7.166
4503665,7200645,7.166
4503667,7200645,7.166
4503668,7200645,7.166
4503670,7200645,7.166
4503674,7200645,7.166
4503676,7200645,7.166
4503677,7200645,7.166
4503683,4500790,156.0
4503683,7200645,14.332
4503685,7200645,14.332
4503686,7200645,14.332
4503688,4500790,78.0
4503688,7200645,7.166
4503689,4500790,78.0
4503689,7200645,7.166
4503690,4500790,78.0
4503690,7200645,7.166
4503691,4500790,78.0
4503691,7200645,7.166
4503692,4500790,78.0
4503692,7200645,7.166
4503693,7200645,7.166
4503695,4500790,78.0
4503695,7200645,7.166
4503698,4500790,78.0
4503698,7200645,7.166
4503699,7200645,7.166
4503700,7200645,7.166
4503701,7200645,7.166
4503702,7200645,7.166
4503703,7200645,7.166
4503714,4500790,78.0
4503714,7200645,7.166
4503715,7200645,14.332
4503716,7200645,7.166
4503718,7200645,7.166
4503719,7200645,7.166
4503723,7200645,7.166
4503725,7200645,7.166
4503726,7200645,7.166
4503727,7200645,7.166
4503729,7200645,7.166
4503733,7200645,7.166
4503742,7200645,7.166
4503743,7200645,7.166
4503744,7200645,7.166
4503745,7200645,7.166
4503746,7200645,7.166
5000574,5300584,45.376
5000574,7200645,7.166
5000576,5300584,45.376
5000576,7200645,7.166
5000601,5300584,45.376
5000601,7200645,7.166
5000606,5300584,45.376
5000606,7200645,7.166
5000612,5300584,45.376
5000612,7200645,7.166
5000613,5300584,45.376
5000613,7200645,7.166
5000617,5300584,90.752
5000617,7200645,14.332
5000627,5300584,45.376
5000627,7200645,7.166
5000662,5300584,45.376
5000662,7200645,7.166
5000734,5300584,136.128
5000734,7200645,14.332
5000754,5300584,45.376
5000754,7200645,7.166
5000762,5300584,45.376
5000762,7200645,7.166
5000768,5300584,90.752
5000768,7200645,14.332
5000770,5300584,45.376
5000770,7200645,7.166
5002000,5300584,45.376
5002000,7200645,7.166
5003606,5300584,90.752
5003606,7200645,14.332
5003612,5300584,45.376
5003612,7200645,7.166
5003616,5300584,90.752
5003616,7200645,14.332
5003618,5300584,90.752
5003618,7200645,14.332
5003620,5300584,45.376
5003620,7200645,7.166
5003621,5300584,45.376
5003621,7200645,7.166
5003623,5300584,45.376
5003623,7200645,7.166
5003624,5300584,90.752
5003624,7200645,14.332
5003625,5300584,45.376
5003625,7200645,7.166
5003627,5300584,45.376
5003627,7200645,7.166
5003629,5300584,45.376
5003629,7200645,7.166
5003632,5300584,45.376
5003632,7200645,7.166
5003637,5300584,45.376
5003637,7200645,7.166
5003640,5300584,45.376
5003640,7200645,7.166
5003641,5300584,45.376
5003641,7200645,7.166
5003642,5300584,45.376
5003642,7200645,7.166
5003643,5300584,45.376
5003643,7200645,7.166
5003644,5300584,45.376
5003644,7200645,7.166
5003645,5300584,90.752
5003645,7200645,14.332
5003646,5300584,90.752
5003646,7200645,14.332
5003647,5300584,136.128
5003647,7200645,21.497999999999998
5003648,5300584,90.752
5003648,7200645,14.332
5003649,5300584,90.752
5003649,7200645,14.332
5003650,5300584,45.376
5003650,7200645,7.166
5003651,5300584,90.752
5003651,7200645,14.332
5003652,5300584,45.376
5003652,7200645,7.166
5003653,5300584,45.376
5003653,7200645,7.166
5003654,5300584,45.376
5003654,7200645,7.166
5003655,5300584,90.752
5003655,7200645,14.332
5003659,5300584,45.376
5003659,7200645,7.166
5003661,5300584,45.376
5003661,7200645,7.166
5003665,5300584,45.376
5003665,7200645,7.166
5003668,5300584,136.128
5003668,7200645,21.497999999999998
5003670,5300584,45.376
5003670,7200645,7.166
5003671,5300584,45.376
5003671,7200645,7.166
5003672,5300584,45.376
5003672,7200645,7.166
5003673,5300584,45.376
5003673,7200645,7.166
5003674,5300584,45.376
5003674,7200645,7.166
5003675,5300584,45.376
5003675,7200645,7.166
5003677,5300584,45.376
5003677,7200645,7.166
5003680,5300584,45.376
5003680,7200645,7.166
5003681,5300584,45.376
5003681,7200645,7.166
5003683,5300584,45.376
5003683,7200645,7.166
5003685,5300584,45.376
5003685,7200645,7.166
5003687,5300584,45.376
5003687,7200645,7.166
5003688,5300584,45.376
5003688,7200645,7.166
5003689,5300584,45.376
5003689,7200645,7.166
5003690,5300584,45.376
5003690,7200645,7.166
5003691,5300584,45.376
5003691,7200645,7.166
5003692,5300584,45.376
5003692,7200645,7.166
5004600,5300584,90.752
5004600,7200645,14.332
5100546,5300584,45.376
5100546,7200645,7.166
5100629,5300584,45.376
5100629,7200645,7.166
5100639,5300584,45.376
5100678,5300584,45.376
5100678,7200645,7.166
5100728,5300584,45.376
5100728,7200645,7.166
5100763,5300584,90.752
5100763,7200645,14.332
5100907,5300584,45.376
5100958,5300584,45.376
5100958,7200645,7.166
5100959,5300584,45.376
5101070,5300584,45.376
5101070,7200645,7.166
5101148,5300584,45.376
5101148,7200645,7.166
5101149,5300584,45.376
5101149,7200645,7.166
5101205,5300584,45.376
5101205,7200645,7.166
5101237,5300584,45.376
5101237,7200645,7.166
5101245,5300584,45.376
5101245,7200645,7.166
5101250,5300584,45.376
5101250,7200645,7.166
5101270,5300584,45.376
5101310,5300584,45.376
5101313,5300584,45.376
5102012,5300584,45.376
5102012,7200645,7.166
5102014,5300584,45.376
5102014,7200645,7.166
5102016,5300584,45.376
5102016,7200645,7.166
5102027,5300584,45.376
5102027,7200645,7.166
5102028,5300584,45.376
5102028,7200645,7.166
5102035,5300584,45.376
5102035,7200645,7.166
5102036,5300584,45.376
5102036,7200645,7.166
5102037,5300584,45.376
5102037,7200645,7.166
5102038,5300584,45.376
5102038,7200645,7.166
5102039,5300584,45.376
5102039,7200645,7.166
5102040,5300584,45.376
5102040,7200645,7.166
5102041,5300584,45.376
5102041,7200645,7.166
5102042,5300584,45.376
5102042,7200645,7.166
5102043,5300584,45.376
5102043,7200645,7.166
5102044,5300584,45.376
5102044,7200645,7.166
5102045,5300584,45.376
5102045,7200645,7.166
5102046,5300584,45.376
5102046,7200645,7.166
5102047,5300584,45.376
5102047,7200645,7.166
5102048,5300584,45.376
5102048,7200645,7.166
5102068,5300584,45.376
5102068,7200645,7.166
5102069,5300584,45.376
5102069,7200645,7.166
5102070,5300584,45.376
5102070,7200645,7.166
5102089,5300584,45.376
5102089,7200645,7.166
5102096,5300584,45.376
5102096,7200645,7.166
5102109,5300584,45.376
5102109,7200645,7.166
5102111,5300584,45.376
5102111,7200645,7.166
5102112,5300584,45.376
5102112,7200645,7.166
5102113,5300584,45.376
5102113,7200645,7.166
5102114,5300584,45.376
5102114,7200645,7.166
5102115,5300584,363.008
5102115,7200645,57.328
5103500,5300584,45.376
5103500,7200645,7.166
5103501,5300584,45.376
5103501,7200645,7.166
5103502,5300584,45.376
5103502,7200645,7.166
5103506,5300584,45.376
5103506,7200645,7.166
5103508,5300584,45.376
5103508,7200645,7.166
5103515,5300584,45.376
5103515,7200645,7.166
5103516,5300584,45.376
5103516,7200645,7.166
5103517,5300584,45.376
5103517,7200645,7.166
5103518,5300584,45.376
5103518,7200645,7.166
5103521,5300584,45.376
5103521,7200645,7.166
5103522,5300584,45.376
5103522,7200645,7.166
5103523,5300584,136.128
5103523,7200645,21.497999999999998
5103526,5300584,45.376
5103526,7200645,7.166
5103527,5300584,45.376
5103527,7200645,7.166
5103528,5300584,45.376
5103528,7200645,7.166
5103529,5300584,90.752
5103529,7200645,14.332
5103530,5300584,45.376
5103530,7200645,7.166
5103535,5300584,45.376
5103535,7200645,7.166
5103536,5300584,45.376
5103536,7200645,7.166
5103537,5300584,45.376
5103537,7200645,7.166
5103538,5300584,45.376
5103538,7200645,7.166
5103539,5300584,45.376
5103539,7200645,7.166
5103546,5300584,45.376
5103546,7200645,7.166
5103550,5300584,45.376
5103550,7200645,7.166
5103552,5300584,90.752
5103552,7200645,14.332
5103568,5300584,45.376
5103568,7200645,7.166
5103569,5300584,45.376
5103569,7200645,7.166
5103571,5300584,45.376
5103571,7200645,7.166
5103575,5300584,45.376
5103575,7200645,7.166
5103587,5300584,45.376
5103587,7200645,7.166
5103595,5300584,45.376
5103595,7200645,7.166
5103596,5300584,408.384
5103596,7200645,64.494
5103597,5300584,45.376
5103597,7200645,7.166
5103598,5300584,45.376
5103598,7200645,7.166
5103603,5300584,45.376
5103603,7200645,7.166
5103604,5300584,45.376
5103604,7200645,7.166
5103652,5300584,45.376
5103652,7200645,7.166
5103659,5300584,45.376
5103659,7200645,7.166
5103660,5300584,45.376
5103660,7200645,7.166
5103661,5300584,45.376
5103661,7200645,7.166
5103665,5300584,45.376
5103665,7200645,7.166
5103678,5300584,45.376
5103678,7200645,7.166
5103682,5300584,45.376
5103682,7200645,7.166
5103683,5300584,45.376
5103684,5300584,45.376
5103684,7200645,7.166
5103688,5300584,45.376
5103688,7200645,7.166
5103693,5300584,45.376
5103693,7200645,7.166
5103694,5300584,45.376
5103694,7200645,7.166
5103695,5300584,45.376
5103695,7200645,7.166
5103709,5300584,90.752
5103709,7200645,14.332
5103713,5300584,45.376
5103713,5100693,50.0
5103713,7200645,7.166
5103714,5300584,45.376
5103716,5300584,45.376
5103716,7200645,7.166
5103720,5300584,90.752
5103720,7200645,14.332
5103724,5300584,45.376
5103724,7200645,7.166
5103725,5300584,45.376
5103725,7200645,7.166
5103726,5300584,45.376
5103726,7200645,7.166
5103730,5300584,45.376
5103730,7200645,7.166
5103732,5300584,45.376
5103732,7200645,7.166
5103737,5300584,45.376
5103737,7200645,7.166
5103739,5300584,45.376
5103739,7200645,7.166
5103740,5300584,45.376
5103740,7200645,7.166
5103742,5300584,45.376
5103742,7200645,7.166
5103745,5300584,45.376
5103745,7200645,7.166
5103746,5300584,45.376
5103746,7200645,7.166
5103747,5300584,45.376
5103747,7200645,7.166
5103748,5300584,45.376
5103748,7200645,7.166
5103750,5300584,90.752
5103750,7200645,14.332
5103752,5300584,90.752
5103752,7200645,14.332
5103755,5300584,45.376
5103755,7200645,7.166
5104006,5300584,45.376
5104006,7200645,7.166
5104007,5300584,90.752
5104007,7200645,14.332
5104008,5300584,90.752
5104008,7200645,14.332
5104010,5300584,45.376
5104010,7200645,7.166
5104012,5300584,45.376
5104012,7200645,7.166
5104013,5300584,45.376
5104013,7200645,7.166
5104018,5300584,45.376
5104018,7200645,7.166
5104019,5300584,45.376
5104019,7200645,7.166
5104020,5300584,45.376
5104020,7200645,7.166
5104021,5300584,90.752
5104021,7200645,14.332
5104022,5300584,45.376
5104022,7200645,7.166
5104023,5300584,45.376
5104023,7200645,7.166
5104024,5300584,45.376
5104024,7200645,7.166
5104025,5300584,45.376
5104025,7200645,7.166
5104026,5300584,45.376
5104026,7200645,7.166
5104027,5300584,45.376
5104027,7200645,7.166
5104028,5300584,45.376
5104028,7200645,7.166
5104029,5300584,45.376
5104029,7200645,7.166
5104032,5300584,45.376
5104032,7200645,7.166
5104033,5300584,45.376
5104033,7200645,7.166
5104037,5300584,45.376
5104037,7200645,7.166
5104038,5300584,45.376
5104038,7200645,7.166
5104039,5300584,45.376
5104039,7200645,7.166
5104040,5300584,45.376
5104040,7200645,7.166
5104041,5300584,45.376
5104041,7200645,7.166
5104042,5300584,45.376
5104042,7200645,7.166
5104043,5300584,45.376
5104043,7200645,7.166
5104047,5300584,45.376
5104047,7200645,7.166
5104048,5300584,45.376
5104048,7200645,7.166
5104049,5300584,45.376
5104049,7200645,7.166
5104051,5300584,45.376
5104051,7200645,7.166
5104052,5300584,45.376
5104052,7200645,7.166
5104053,5300584,45.376
5104053,7200645,7.166
5104054,5300584,45.376
5104054,5100693,50.0
5104054,7200645,7.166
5104057,5300584,45.376
5104057,7200645,7.166
5104060,5300584,90.752
5104060,7200645,14.332
5104062,5300584,45.376
5104062,7200645,7.166
5104655,5300584,45.376
5104700,5300584,136.128
5104700,7200645,21.497999999999998
5109178,5300584,136.128
5109178,7200645,21.497999999999998
5200632,5300584,45.376
5200632,7200645,7.166
5200662,5300584,45.376
5200662,7200645,7.166
5203936,5300584,45.376
5203936,7200645,7.166
5203937,5300584,45.376
5203937,7200645,7.166
5203939,5300584,45.376
5203939,7200645,7.166
5203940,5300584,90.752
5203940,7200645,14.332
5203946,5300584,90.752
5203946,7200645,14.332
5203948,5300584,45.376
5203949,5300584,45.376
5203949,7200645,7.166
5203959,5300584,45.376
5203959,7200645,7.166
5203960,5300584,45.376
5203960,7200645,7.166
5203961,5300584,45.376
5203961,7200645,7.166
5203962,5300584,45.376
5203962,7200645,7.166
5203963,5300584,45.376
5203963,7200645,7.166
5203964,5300584,45.376
5203964,7200645,7.166
5203967,5300584,45.376
5203967,7200645,7.166
5203971,5300584,45.376
5203971,7200645,7.166
5203972,5300584,45.376
5203972,7200645,7.166
5203973,5300584,45.376
5203973,7200645,7.166
5203974,5300584,45.376
5203974,7200645,7.166
5203975,5300584,45.376
5203975,7200645,7.166
5203978,5300584,45.376
5203978,7200645,7.166
5203982,5300584,45.376
5203982,7200645,7.166
5203983,5300584,45.376
5203983,7200645,7.166
5203984,5300584,45.376
5203984,7200645,7.166
5203990,5300584,45.376
5203990,7200645,7.166
5203994,5300584,45.376
5203994,7200645,7.166
5203996,5300584,45.376
5203996,7200645,7.166
5204000,5300584,45.376
5204000,7200645,7.166
5204002,5300584,45.376
5204002,7200645,7.166
5204003,5300584,45.376
5204003,7200645,7.166
5204005,5300584,45.376
5204005,7200645,7.166
5204006,5300584,45.376
5204006,7200645,7.166
5204008,5300584,45.376
5204008,7200645,7.166
5204012,5300584,45.376
5204012,7200645,7.166
5204013,5300584,45.376
5204013,7200645,7.166
5204014,5300584,45.376
5204014,7200645,7.166
5204018,5300584,45.376
5204018,7200645,7.166
5204019,5300584,45.376
5204019,7200645,7.166
5204020,5300584,45.376
5204020,7200645,7.166
5204024,5300584,45.376
5204024,7200645,7.166
5204029,5300584,45.376
5204029,7200645,7.166
5204030,5300584,45.376
5204030,7200645,7.166
5204031,5300584,45.376
5204031,7200645,7.166
5300584,5300584,45.376
5300584,7200645,7.166
5300594,5300584,45.376
5300594,7200645,7.166
5300595,5300584,45.376
5300595,7200645,7.166
5300621,5300584,45.376
5300621,7200645,7.166
5300662,5300584,45.376
5300662,7200645,7.166
5300704,5300584,46.085
5300704,7200645,7.166
5300754,5300584,45.376
5300754,7200645,7.166
5300755,5300584,45.376
5300755,7200645,7.166
5300767,5300584,45.376
5300920,5300584,45.376
5300920,7200645,7.166
5302006,5300584,45.376
5302006,7200645,7.166
5302007,5300584,45.376
5302007,7200645,7.166
5302027,5300584,45.376
5302027,7200645,7.166
5303508,5300584,45.376
5303508,7200645,7.166
5303509,5300584,45.376
5303509,7200645,7.166
5303510,5300584,45.376
5303510,7200645,7.166
5303511,5300584,45.376
5303511,7200645,7.166
5303512,5300584,45.376
5303512,7200645,7.166
5303513,5300584,45.376
5303513,7200645,7.166
5303514,5300584,45.376
5303514,7200645,7.166
5303515,5300584,45.376
5303515,7200645,7.166
5303518,5300584,90.752
5303518,7200645,14.332
5303520,5300584,45.376
5303520,7200645,7.166
5303522,5300584,45.376
5303522,7200645,7.166
5303525,7200645,7.166
5303526,7200645,7.166
5303530,7200645,7.166
5303533,7200645,7.166
5303536,5300584,45.376
5303536,7200645,7.166
5303543,5300584,45.376
5303543,7200645,7.166
5303562,5300584,45.376
5303562,7200645,7.166
5303565,5300584,45.376
5303565,7200645,7.166
5303567,5300584,45.376
5303567,7200645,7.166
5303568,5300584,45.376
5303568,7200645,7.166
5303569,5300584,90.752
5303569,7200645,14.332
5303570,5300584,90.752
5303570,7200645,14.332
5303571,5300584,90.752
5303571,7200645,14.332
5303574,5300584,45.376
5303574,7200645,7.166
5303587,5300584,45.376
5303587,7200645,7.166
5303588,5300584,90.752
5303588,7200645,14.332
5303589,5300584,45.376
5303589,7200645,7.166
5303590,5300584,45.376
5303590,7200645,7.166
5303595,5300584,45.376
5303595,7200645,7.166
5303596,5300584,45.376
5303596,7200645,7.166
5303597,5300584,45.376
5303597,7200645,7.166
5303598,5300584,45.376
5303598,7200645,7.166
5303599,5300584,45.376
5303599,7200645,7.166
5303600,5300584,45.376
5303600,7200645,7.166
5303601,5300584,45.376
5303601,7200645,7.166
5303603,5300584,45.376
5303603,7200645,7.166
5303604,5300584,45.376
5303604,7200645,7.166
5303605,5300584,45.376
5303605,7200645,7.166
5303641,5300584,45.376
5303641,7200645,7.166
5303952,5300584,45.376
5303952,7200645,7.166
5303955,5300584,136.128
5303955,7200645,21.497999999999998
5303960,5300584,45.376
5303960,7200645,7.166
5303961,5300584,45.376
5303961,7200645,7.166
5303963,5300584,45.376
5303963,7200645,7.166
5303964,5300584,0.292
5303966,5300584,136.128
5303966,7200645,21.497999999999998
5303969,5300584,45.376
5303969,7200645,7.166
5303971,5300584,45.376
5303971,7200645,7.166
5303972,5300584,45.376
5303972,7200645,7.166
5303976,5300584,90.752
5303976,7200645,14.332
5303978,5300584,45.376
5303978,7200645,7.166
5303979,5300584,45.376
5303979,7200645,7.166
5303982,5300584,45.376
5303982,7200645,7.166
5303983,5300584,45.376
5303983,7200645,7.166
5303988,5300584,45.376
5303988,7200645,7.166
5303989,5300584,45.376
5303989,7200645,7.166
5303991,5300584,45.376
5303994,5300584,45.376
5303994,7200645,7.166
5303995,5300584,45.376
5303995,7200645,7.166
5303996,5300584,45.376
5303996,7200645,7.166
5303998,5300584,45.376
5303998,7200645,7.166
5303999,5300584,45.376
5303999,7200645,7.166
5304002,5300584,45.376
5304002,7200645,7.166
5304004,5300584,45.376
5304004,7200645,7.166
5304011,5300584,45.376
5304011,7200645,7.166
5304013,5300584,45.376
5304013,7200645,7.166
5304014,5300584,45.376
5304014,7200645,7.166
5304015,5300584,45.376
5304015,7200645,7.166
5304017,5300584,45.376
5304017,7200645,7.166
5304019,5300584,45.376
5304019,7200645,7.166
5304020,5300584,45.376
5304020,7200645,7.166
5304023,5300584,45.376
5304023,7200645,7.166
5304024,5300584,45.376
5304024,7200645,7.166
5304025,5300584,45.376
5304025,7200645,7.166
5304026,5300584,45.376
5304026,7200645,7.166
5304034,5300584,45.376
5304034,7200645,7.166
5304035,5300584,45.376
5304035,7200645,7.166
5304036,5300584,45.376
5304036,7200645,7.166
5304041,5300584,90.752
5304041,7200645,14.332
5304042,5300584,45.376
5304042,7200645,7.166
5304043,5300584,45.376
5304043,7200645,7.166
5304044,5300584,45.376
5304044,7200645,7.166
5304045,5300584,45.376
5304045,7200645,7.166
5304046,5300584,45.376
5304046,7200645,7.166
5304047,5300584,45.376
5304047,7200645,7.166
5304048,5300584,45.376
5304048,7200645,7.166
5304049,5300584,45.376
5304049,7200645,7.166
5304050,5300584,45.376
5304050,7200645,7.166
5304051,5300584,90.752
5304051,7200645,14.332
5304052,5300584,45.376
5304052,7200645,7.166
5304053,5300584,45.376
5304053,7200645,7.166
5304054,5300584,45.376
5304054,7200645,7.166
5304055,5300584,45.376
5304055,7200645,7.166
5304056,5300584,45.376
5304056,7200645,7.166
5304057,5300584,45.376
5304057,7200645,7.166
5304058,5300584,45.376
5304058,7200645,7.166
5304059,5300584,45.376
5304059,7200645,7.166
7003501,7200645,7.166
7003507,7200645,14.332
7003508,7200645,21.497999999999998
7003511,7200645,7.166
7003512,7200645,7.166
7003515,7200645,7.166
7003516,7200645,14.332
7003517,7200645,7.166
7003518,7200645,7.166
7003519,7200645,7.166
7003520,7200645,7.166
7003521,7200645,7.166
7003522,7200645,7.166
7003523,7200645,28.664
7003624,7200645,7.166
7003625,7200645,7.166
7003627,7200645,7.166
7003628,7200645,7.166
7003629,7200645,7.166
7003630,7200645,7.166
7003631,7200645,7.166
7003632,7200645,7.166
7003633,7200645,7.166
7003634,7200645,7.166
7003635,7200645,14.332
7003636,7200645,7.166
7003637,7200645,7.166
7200506,7200540,64.0
7200533,7200818,140.0
7200542,7200818,140.0
7200583,7200656,153.0
7200609,7200818,140.0
7200616,7200540,64.0
7200644,7200645,7.166
7200646,7200645,7.166
7200703,7200540,64.0
7200730,7200540,64.0
7200746,7200540,128.0
7200820,7200540,64.0
7200870,7200818,140.0
7200879,7200540,64.0
7200938,7200818,140.0
7200963,7200645,7.166
7201080,7200645,7.166
7201233,7200645,7.166
7201329,7200645,7.166
7201334,7200645,7.166
7201487,7200645,7.166
7201631,7200784,85.0
7201631,7200933,20.0
7202001,7200645,7.166
7203516,7200645,7.166
7203517,7200645,7.166
7203524,7200645,7.166
7203525,7200645,7.166
7203528,7200645,7.166
7203529,7200645,7.166
7203547,7200645,7.166
7203550,7200645,7.166
7203557,7200645,7.166
7203558,7200645,7.166
7203568,7200645,7.166
7203570,7200656,153.0
7203574,7200645,7.166
7203576,7200645,7.166
7203577,7200818,140.0
7203580,7200645,7.166
7203583,7200645,7.166
7203584,7200645,7.166
7203585,7200645,7.166
7203586,7200645,7.166
7203587,7200645,7.166
7203588,7200645,7.166
7203592,7200645,7.166
7203598,7200540,64.0
7203600,7200645,7.166
7203601,7200645,7.166
7203602,7200645,7.166
7203603,7200645,7.166
7203604,7200645,7.166
7203605,7200645,7.166
7203606,7200645,7.166
7203607,7200645,7.166
7203608,7200645,7.166
7203609,7200645,7.166
7203610,7200645,7.166
7203611,7200645,7.166
7203612,7200645,7.166
7203613,7200645,7.166
7203614,7200645,7.166
7203615,7200645,7.166
7203616,7200645,7.166
7203622,7200645,7.166
7203623,7200645,7.166
7203624,7200645,7.166
7203636,7200645,7.166
7203642,7200645,7.166
7203643,7200645,7.166
7203645,7200645,7.166
7203646,7200645,7.166
7203647,7200645,7.166
7203649,7200645,7.166
7203650,7200645,7.166
7203653,7200645,7.166
7203666,7200645,7.166
7203668,7200645,7.166
7203669,7200645,7.166
7203671,7200645,7.166
7203673,7200645,7.166
7203674,7200645,7.166
7203675,7200645,7.166
7203676,7200645,7.166
7203677,7200645,7.166
7203678,7200645,7.166
7203679,7200540,64.0
7203688,7200645,7.166
7203689,7200645,7.166
7203699,7200645,7.166
7203702,7200558,151.0
7203703,7200558,151.0
7203717,7200645,7.166
7203718,7200645,7.166
7203719,7200645,7.166
7203720,7200645,7.166
7203729,7200645,7.166
7203730,7200645,7.166
7203731,7200645,7.166
7203732,7200656,153.0
7203735,7200645,7.166
7203737,7200784,85.0
7203737,7200933,20.0
7203757,7200645,7.166
7203760,7200645,7.166
7203786,7200645,7.166
7203833,7200540,64.0
7203835,7200645,7.166
7203837,7200540,64.0
7203838,7200540,64.0
7203841,7200540,256.0
7203842,7200540,192.0
7203843,7200540,128.0
7203844,7200540,64.0
7203845,7200645,7.166
7203846,7200645,7.166
7203853,7200645,7.166
7203854,7200645,35.83
7203855,7200645,7.166
7203857,7200645,7.166
7203858,7200645,14.332
7203859,7200645,14.332
7203863,7200645,7.166
7203864,7200645,7.166
7203865,7200645,7.166
7203866,7200645,7.166
7203868,7200784,85.0
7203868,7200933,20.0
7203870,7200645,7.166
7203875,7200784,85.0
7203875,7200933,20.0
7203887,7200558,302.0
7203888,7200558,151.0
7203889,7200558,302.0
7203893,7200558,302.0
7203894,7200558,302.0
7203895,7200558,151.0
7203901,7200645,7.166
7203902,7200558,151.0
7203903,7200818,140.0
7203904,7200818,140.0
7203905,7200818,140.0
7203906,7200818,140.0
7203907,7200818,140.0
7203909,7200818,280.0
7203913,7200818,140.0
7203914,7200532,36.0
7203914,7200645,7.166
7203915,7200532,18.0
7203918,7200532,18.0
7203918,7200645,7.166
7203919,7200532,36.0
7203919,7200645,7.166
7203923,7200656,153.0
7203924,7200656,153.0
7203925,7200656,306.0
7203926,7200656,306.0
7203928,7200656,153.0
7203929,7200656,153.0
7203931,7200656,306.0
7203942,7200645,7.166
7203943,7200645,7.166
7203948,7200532,18.0
7203948,7200645,7.166
7203949,7200645,7.166
7203951,7200656,153.0
7203952,7200540,64.0
7203953,7200558,151.0
7203954,7200558,151.0
7203961,7200645,7.166
7203962,7200645,7.166
7203966,7200558,151.0
7203967,7200558,151.0
7203976,7200645,7.166
7203977,7200645,7.166
7203979,7200645,7.166
7204027,7200645,7.166
7204028,7200645,7.166
7204029,7200933,104.0
7204030,7200933,104.0
7204037,7200532,18.0
7204037,7200645,7.166
7204038,7200532,18.0
7204038,7200645,7.166
7204039,7200532,18.0
7204039,7200645,7.166
7204040,7200532,18.0
7204040,7200645,7.166
7204046,7200532,18.0
7204046,7200645,7.166
7204047,7200532,18.0
7204047,7200645,7.166
7204048,7200532,18.0
7204048,7200645,7.166
7204049,7200532,18.0
7204049,7200645,7.166
7204059,7200645,7.166
7204065,7200645,7.166
7204074,7200656,153.0
7204078,7200645,7.166
7204080,7200532,18.0
7204080,7200645,7.166
7204083,7200558,151.0
7204084,7200558,151.0
7204086,7200558,151.0
7204087,7200784,85.0
7204087,7200933,20.0
7204091,7200784,85.0
7204091,7200933,20.0
7204097,7200645,7.166
7204102,7200645,7.166
7204105,7200645,7.166
7204108,7200645,7.166
7204118,7200645,7.166
7204119,7200645,7.166
7204124,7200645,7.166
7204125,7200532,18.0
7204125,7200645,7.166
7204126,7200645,14.332
7204133,7200645,7.166
7204134,7200645,7.166
7204136,7200645,7.166
