analysisAdminNo,priorityAdminNo,wt
48212.47755,20427.18999,204.333
44925.42542,20427.18999,204.333
37465.0,20427.18999,204.333
44925.44528,20427.18999,204.333
37482.0,20427.18999,204.333
37494.0,20427.18999,204.333
44925.436069999996,20427.18999,204.333
37566.33146,20427.18999,204.333
44925.43464,20427.18999,204.333
37566.36808,20427.18999,204.333
44925.42885,20427.18999,204.333
37837.0,20427.18999,204.333
48827.0,20427.18999,204.333
37202.0,20427.18999,204.333
37905.0,20427.18999,204.333
48832.0,20427.18999,204.333
46980.0,20427.18999,204.333
48942.317760000005,20427.18999,204.333
47023.0,20427.18999,204.333
48942.35064,20427.18999,204.333
47086.0,20427.18999,204.333
30894.300710000003,20427.18999,204.333
30894.29746,20427.18999,204.333
48942.47664,20427.18999,204.333
37446.0,20427.18999,204.333
37177.0,20427.18999,204.333
47105.0,20427.18999,204.333
31393.23745,20427.18999,204.333
36718.0,20427.18999,204.333
31393.312060000004,20427.18999,204.333
45290.35239,20427.18999,204.333
46751.43716,20427.18999,204.333
31393.30163,20427.18999,204.333
48577.4739,20427.18999,204.333
31393.29065,20427.18999,204.333
46751.4529,20427.18999,204.333
36730.0,20427.18999,204.333
31393.26176,20427.18999,204.333
48577.4767,20427.18999,204.333
45290.0,20427.18999,204.333
31359.0,20427.18999,204.333
46751.46211,20427.18999,204.333
31272.0,20427.18999,204.333
36801.0,20427.18999,204.333
45290.18263,20427.18999,204.333
31259.301330000002,20427.18999,204.333
46883.0,20427.18999,204.333
31258.0,20427.18999,204.333
37061.0,20427.18999,204.333
31175.0,20427.18999,204.333
30894.29745,20427.18999,204.333
38236.0,20427.18999,204.333
30180.19612,20427.18999,204.333
44712.0,20427.18999,204.333
49308.45168,20427.18999,204.333
30870.1401,20427.18999,204.333
44925.293710000005,20427.18999,204.333
38753.35914,20427.18999,204.333
30506.143969999997,20427.18999,204.333
49308.4885,20427.18999,204.333
30194.15523,20427.18999,204.333
47116.46933,20427.18999,204.333
38753.36675,20427.18999,204.333
30184.29584,20427.18999,204.333
49308.491239999996,20427.18999,204.333
30870.2208,20427.18999,204.333
30184.29071,20427.18999,204.333
38753.37094,20427.18999,204.333
47254.0,20427.18999,204.333
30184.23526,20427.18999,204.333
49308.49216,20427.18999,204.333
44559.44315,20427.18999,204.333
30184.21915,20427.18999,204.333
38753.37375,20427.18999,204.333
30184.142460000003,20427.18999,204.333
44559.43736,20427.18999,204.333
38753.35215,20427.18999,204.333
49308.44803,20427.18999,204.333
30894.293910000004,20427.18999,204.333
38593.0,20427.18999,204.333
44925.41272,20427.18999,204.333
30894.2934,20427.18999,204.333
48942.48884,20427.18999,204.333
30894.29013,20427.18999,204.333
47116.2221,20427.18999,204.333
30894.280110000003,20427.18999,204.333
49216.0,20427.18999,204.333
30894.269060000002,20427.18999,204.333
47116.23375,20427.18999,204.333
30894.26783,20427.18999,204.333
47116.32797,20427.18999,204.333
30870.261169999998,20427.18999,204.333
30894.265710000003,20427.18999,204.333
49308.39659,20427.18999,204.333
44925.39993,20427.18999,204.333
30894.245919999998,20427.18999,204.333
47116.445589999996,20427.18999,204.333
49308.42613,20427.18999,204.333
30894.180610000003,20427.18999,204.333
38753.297360000004,20427.18999,204.333
30894.17657,20427.18999,204.333
38753.30942,20427.18999,204.333
31566.0,20427.18999,204.333
46751.38928,20427.18999,204.333
36524.0,20427.18999,204.333
45512.0,20427.18999,204.333
33070.0,20427.18999,204.333
35238.0,20427.18999,204.333
33063.12023,20427.18999,204.333
46034.0,20427.18999,204.333
33025.0,20427.18999,204.333
48212.47915,20427.18999,204.333
46097.0,20427.18999,204.333
33023.28989,20427.18999,204.333
33023.1952,20427.18999,204.333
35404.0,20427.18999,204.333
33012.0,20427.18999,204.333
35016.0,20427.18999,204.333
46386.18627,20427.18999,204.333
32977.0,20427.18999,204.333
35621.0,20427.18999,204.333
35645.0,20427.18999,204.333
45410.0,20427.18999,204.333
48212.47999,20427.18999,204.333
32871.0,20427.18999,204.333
46386.32963,20427.18999,204.333
32733.0,20427.18999,204.333
35686.0,20427.18999,204.333
33094.0,20427.18999,204.333
34762.3464,20427.18999,204.333
31983.215119999997,20427.18999,204.333
46020.379239999995,20427.18999,204.333
34648.0,20427.18999,204.333
45943.0,20427.18999,204.333
34762.131219999996,20427.18999,204.333
45863.0,20427.18999,204.333
34762.14397,20427.18999,204.333
34241.236789999995,20427.18999,204.333
46020.293710000005,20427.18999,204.333
34762.330239999996,20427.18999,204.333
34241.18263,20427.18999,204.333
45776.0,20427.18999,204.333
33799.0,20427.18999,204.333
33289.0,20427.18999,204.333
34762.33466,20427.18999,204.333
46020.42575,20427.18999,204.333
33466.0,20427.18999,204.333
46020.43584,20427.18999,204.333
33433.3315,20427.18999,204.333
34762.34553,20427.18999,204.333
46020.44375,20427.18999,204.333
33433.33149,20427.18999,204.333
45655.43802,20427.18999,204.333
46020.4479,20427.18999,204.333
32653.0,20427.18999,204.333
35702.0,20427.18999,204.333
45290.45144,20427.18999,204.333
46593.0,20427.18999,204.333
48577.3141,20427.18999,204.333
36186.0,20427.18999,204.333
32075.2366,20427.18999,204.333
45290.3628,20427.18999,204.333
46506.0,20427.18999,204.333
32075.22262,20427.18999,204.333
46538.0,20427.18999,204.333
32075.204530000003,20427.18999,204.333
48577.321410000004,20427.18999,204.333
32075.196010000003,20427.18999,204.333
32075.1894,20427.18999,204.333
32347.0,20427.18999,204.333
46594.0,20427.18999,204.333
32075.18262,20427.18999,204.333
46599.0,20427.18999,204.333
32075.1461,20427.18999,204.333
32075.09324,20427.18999,204.333
48577.4042,20427.18999,204.333
46631.0,20427.18999,204.333
32054.0,20427.18999,204.333
46749.0,20427.18999,204.333
31983.22492,20427.18999,204.333
32075.23878,20427.18999,204.333
45290.3635,20427.18999,204.333
32075.280319999998,20427.18999,204.333
36040.0,20427.18999,204.333
46386.43625,20427.18999,204.333
32335.224239999996,20427.18999,204.333
35915.0,20427.18999,204.333
32335.119710000003,20427.18999,204.333
48339.0,20427.18999,204.333
32335.11677,20427.18999,204.333
35927.0,20427.18999,204.333
45290.433410000005,20427.18999,204.333
32309.0,20427.18999,204.333
35929.0,20427.18999,204.333
45290.37805,20427.18999,204.333
32085.320389999997,20427.18999,204.333
35969.0,20427.18999,204.333
45290.36645,20427.18999,204.333
32075.31563,20427.18999,204.333
35973.0,20427.18999,204.333
45290.36436,20427.18999,204.333
32075.311660000003,20427.18999,204.333
48485.0,20427.18999,204.333
46386.46353,20427.18999,204.333
32075.30102,20427.18999,204.333
38753.3752,20427.18999,204.333
49304.0,20427.18999,204.333
49403.0,20427.18999,204.333
47755.0,20427.18999,204.333
41253.0,20427.18999,204.333
40028.0,20427.18999,204.333
41245.0,20427.18999,204.333
44194.41467,20427.18999,204.333
43052.0,20427.18999,204.333
41231.0,20427.18999,204.333
50219.0,20427.18999,204.333
50961.0,20427.18999,204.333
42733.0,20427.18999,204.333
50313.0,20427.18999,204.333
40176.0,20427.18999,204.333
43098.0,20427.18999,204.333
47827.0,20427.18999,204.333
50361.0,20427.18999,204.333
41199.32292,20427.18999,204.333
40221.0,20427.18999,204.333
41272.0,20427.18999,204.333
47671.0,20427.18999,204.333
39795.0,20427.18999,204.333
42618.0,20427.18999,204.333
47609.0,20427.18999,204.333
42520.0,20427.18999,204.333
41707.0,20427.18999,204.333
42557.0,20427.18999,204.333
50038.493089999996,20427.18999,204.333
41684.0,20427.18999,204.333
40937.0,20427.18999,204.333
41551.0,20427.18999,204.333
41393.0,20427.18999,204.333
51134.49308,20427.18999,204.333
41531.0,20427.18999,204.333
50038.49551,20427.18999,204.333
42672.0,20427.18999,204.333
47670.0,20427.18999,204.333
51134.44925,20427.18999,204.333
50038.49798,20427.18999,204.333
44194.346489999996,20427.18999,204.333
47921.0,20427.18999,204.333
50386.0,20427.18999,204.333
43621.43338,20427.18999,204.333
50769.47116,20427.18999,204.333
41199.20666,20427.18999,204.333
43621.42906,20427.18999,204.333
41199.1897,20427.18999,204.333
50403.50233,20427.18999,204.333
50769.30316,20427.18999,204.333
40884.0,20427.18999,204.333
41050.0,20427.18999,204.333
40478.0,20427.18999,204.333
43622.38929,20427.18999,204.333
40912.0,20427.18999,204.333
50726.0,20427.18999,204.333
41045.0,20427.18999,204.333
50648.0,20427.18999,204.333
50603.0,20427.18999,204.333
40922.0,20427.18999,204.333
43621.41467,20427.18999,204.333
47884.0,20427.18999,204.333
50769.47664,20427.18999,204.333
41199.21147,20427.18999,204.333
47847.32872,20427.18999,204.333
44194.3068,20427.18999,204.333
41199.313669999996,20427.18999,204.333
50403.35303,20427.18999,204.333
44559.42885,20427.18999,204.333
50769.50702,20427.18999,204.333
50403.38654,20427.18999,204.333
43234.0,20427.18999,204.333
41199.23559,20427.18999,204.333
43403.0,20427.18999,204.333
50403.41089,20427.18999,204.333
41199.21783,20427.18999,204.333
43464.0,20427.18999,204.333
47888.0,20427.18999,204.333
40785.0,20427.18999,204.333
50038.48023,20427.18999,204.333
43829.22015,20427.18999,204.333
49673.42368,20427.18999,204.333
29228.282839999996,20427.18999,204.333
51465.0,20427.18999,204.333
44559.0,20427.18999,204.333
39263.0,20427.18999,204.333
42420.38198,20427.18999,204.333
39095.38998,20427.18999,204.333
49833.0,20427.18999,204.333
42420.38928,20427.18999,204.333
29022.25372,20427.18999,204.333
48212.317760000005,20427.18999,204.333
48212.44803,20427.18999,204.333
48212.47389,20427.18999,204.333
49581.0,20427.18999,204.333
39095.29887,20427.18999,204.333
47558.0,20427.18999,204.333
49802.0,20427.18999,204.333
48212.39993,20427.18999,204.333
47481.46173,20427.18999,204.333
44559.42035,20427.18999,204.333
47504.0,20427.18999,204.333
42242.0,20427.18999,204.333
42491.0,20427.18999,204.333
49796.0,20427.18999,204.333
48212.472330000004,20427.18999,204.333
39254.22423,20427.18999,204.333
48212.40754,20427.18999,204.333
39446.0,20427.18999,204.333
44194.432810000006,20427.18999,204.333
49746.0,20427.18999,204.333
49563.0,20427.18999,204.333
47450.0,20427.18999,204.333
29642.28956,20427.18999,204.333
44559.37499,20427.18999,204.333
47481.46538,20427.18999,204.333
38753.37912,20427.18999,204.333
47602.0,20427.18999,204.333
49451.0,20427.18999,204.333
50038.4304,20427.18999,204.333
41799.0,20427.18999,204.333
42519.0,20427.18999,204.333
29531.0,20427.18999,204.333
51361.0,20427.18999,204.333
41861.0,20427.18999,204.333
44559.4266,20427.18999,204.333
42492.0,20427.18999,204.333
38753.37919,20427.18999,204.333
39095.3698,20427.18999,204.333
49490.0,20427.18999,204.333
39095.36174,20427.18999,204.333
29437.254589999997,20427.18999,204.333
49673.47786,20427.18999,204.333
44559.33769,20427.18999,204.333
47478.0,20427.18999,204.333
29228.28408,20427.18999,204.333
39095.3564,20427.18999,204.333
34762.23131,30895.234910000003,36.0
41790.0,30895.234910000003,36.0
45845.0,30895.234910000003,36.0
42467.0,30895.234910000003,36.0
34419.34088,30895.234910000003,36.0
34419.32368,30895.234910000003,36.0
35995.0,30895.234910000003,36.0
34419.316719999995,30895.234910000003,36.0
41099.0,30895.234910000003,36.0
36065.0,30895.234910000003,36.0
43829.0,30895.234910000003,36.0
34419.30938,30895.234910000003,36.0
34419.3313,30895.234910000003,36.0
43086.0,30895.234910000003,36.0
45290.442989999996,30895.234910000003,36.0
45655.44194,30895.234910000003,36.0
35476.0,30895.234910000003,36.0
42097.0,30895.234910000003,36.0
42667.0,30895.234910000003,36.0
42003.0,30895.234910000003,36.0
41912.0,30895.234910000003,36.0
35294.0,30895.234910000003,36.0
35279.0,30895.234910000003,36.0
42595.0,30895.234910000003,36.0
45558.0,30895.234910000003,36.0
45581.0,30895.234910000003,36.0
41713.0,30895.234910000003,36.0
45593.0,30895.234910000003,36.0
45655.436010000005,30895.234910000003,36.0
45655.388660000004,30895.234910000003,36.0
45655.38613,30895.234910000003,36.0
41500.0,30895.234910000003,36.0
41443.0,30895.234910000003,36.0
42304.0,30895.234910000003,36.0
42215.0,30895.234910000003,36.0
45290.44742,30895.234910000003,36.0
42285.0,30895.234910000003,36.0
41791.0,30895.234910000003,36.0
35793.0,30895.234910000003,36.0
45712.0,30895.234910000003,36.0
45290.45025,30895.234910000003,36.0
42928.0,30895.234910000003,36.0
45290.4526,30895.234910000003,36.0
42233.0,30895.234910000003,36.0
42854.0,30895.234910000003,36.0
42733.0,30895.234910000003,36.0
35654.0,30895.234910000003,36.0
45380.0,30895.234910000003,36.0
45655.44852,30895.234910000003,36.0
45420.0,30895.234910000003,36.0
41637.0,30895.234910000003,36.0
44194.0,30895.234910000003,36.0
36204.0,30895.234910000003,36.0
37503.35321,30895.234910000003,36.0
38167.0,30895.234910000003,36.0
39617.36038,30895.234910000003,36.0
39617.3707,30895.234910000003,36.0
39617.38212,30895.234910000003,36.0
38137.0,30895.234910000003,36.0
37985.0,30895.234910000003,36.0
37908.0,30895.234910000003,36.0
44925.42508,30895.234910000003,36.0
39617.385630000004,30895.234910000003,36.0
39617.388719999995,30895.234910000003,36.0
37851.0,30895.234910000003,36.0
44194.43247,30895.234910000003,36.0
37691.0,30895.234910000003,36.0
37620.0,30895.234910000003,36.0
40013.316719999995,30895.234910000003,36.0
40013.351839999996,30895.234910000003,36.0
44925.4328,30895.234910000003,36.0
40013.3701,30895.234910000003,36.0
37552.37524,30895.234910000003,36.0
37552.37102,30895.234910000003,36.0
37552.36687,30895.234910000003,36.0
37552.36038,30895.234910000003,36.0
37552.35245,30895.234910000003,36.0
37552.34119,30895.234910000003,36.0
37552.18058,30895.234910000003,36.0
38188.0,30895.234910000003,36.0
39617.14256,30895.234910000003,36.0
38222.0,30895.234910000003,36.0
44925.36159,30895.234910000003,36.0
44559.44248,30895.234910000003,36.0
44559.42129,30895.234910000003,36.0
38847.0,30895.234910000003,36.0
38886.0,30895.234910000003,36.0
44790.0,30895.234910000003,36.0
39041.0,30895.234910000003,36.0
44925.0,30895.234910000003,36.0
39081.0,30895.234910000003,36.0
44925.35367,30895.234910000003,36.0
44559.414919999996,30895.234910000003,36.0
44559.41057,30895.234910000003,36.0
44925.39659,30895.234910000003,36.0
39617.11793,30895.234910000003,36.0
44559.311969999995,30895.234910000003,36.0
44559.30132,30895.234910000003,36.0
44559.24307,30895.234910000003,36.0
34419.30467,30895.234910000003,36.0
38516.0,30895.234910000003,36.0
44559.23375,30895.234910000003,36.0
38374.0,30895.234910000003,36.0
38241.0,30895.234910000003,36.0
44559.1309,30895.234910000003,36.0
44925.402369999996,30895.234910000003,36.0
39291.0,30895.234910000003,36.0
37503.368989999995,30895.234910000003,36.0
37503.29006,30895.234910000003,36.0
36396.15565,30895.234910000003,36.0
37503.15066,30895.234910000003,36.0
40601.0,30895.234910000003,36.0
40661.0,30895.234910000003,36.0
40708.0,30895.234910000003,36.0
36676.0,30895.234910000003,36.0
40719.0,30895.234910000003,36.0
36602.0,30895.234910000003,36.0
40723.0,30895.234910000003,36.0
36396.35885,30895.234910000003,36.0
36396.34942,30895.234910000003,36.0
43829.4337,30895.234910000003,36.0
43829.42792,30895.234910000003,36.0
36396.33928,30895.234910000003,36.0
40793.0,30895.234910000003,36.0
40800.0,30895.234910000003,36.0
40833.0,30895.234910000003,36.0
36396.313030000005,30895.234910000003,36.0
36396.24174,30895.234910000003,36.0
43829.427169999995,30895.234910000003,36.0
36396.24028,30895.234910000003,36.0
43829.36889,30895.234910000003,36.0
36396.20574,30895.234910000003,36.0
40907.0,30895.234910000003,36.0
36396.17728,30895.234910000003,36.0
43829.346489999996,30895.234910000003,36.0
43829.22035,30895.234910000003,36.0
45290.311969999995,30895.234910000003,36.0
45290.215489999995,30895.234910000003,36.0
36734.0,30895.234910000003,36.0
45045.0,30895.234910000003,36.0
40013.38847,30895.234910000003,36.0
37486.0,30895.234910000003,36.0
44925.43645,30895.234910000003,36.0
44925.44345,30895.234910000003,36.0
40013.38954,30895.234910000003,36.0
44925.44833,30895.234910000003,36.0
37254.0,30895.234910000003,36.0
37214.0,30895.234910000003,36.0
45014.0,30895.234910000003,36.0
45018.0,30895.234910000003,36.0
40013.39608,30895.234910000003,36.0
45118.0,30895.234910000003,36.0
36746.0,30895.234910000003,36.0
37133.0,30895.234910000003,36.0
37125.0,30895.234910000003,36.0
45230.0,30895.234910000003,36.0
44194.3488,30895.234910000003,36.0
40061.0,30895.234910000003,36.0
37037.0,30895.234910000003,36.0
37010.0,30895.234910000003,36.0
40069.0,30895.234910000003,36.0
40071.0,30895.234910000003,36.0
36778.0,30895.234910000003,36.0
36763.0,30895.234910000003,36.0
34419.308880000004,30895.234910000003,36.0
42442.0,30895.234910000003,36.0
34419.294930000004,30895.234910000003,36.0
47847.47116,30895.234910000003,36.0
48942.34482,30895.234910000003,36.0
50740.0,30895.234910000003,36.0
48942.403889999994,30895.234910000003,36.0
48942.473589999994,30895.234910000003,36.0
47847.47784,30895.234910000003,36.0
48942.4812,30895.234910000003,36.0
48942.48698,30895.234910000003,36.0
47113.0,30895.234910000003,36.0
49102.0,30895.234910000003,36.0
47847.47634,30895.234910000003,36.0
47847.47389,30895.234910000003,36.0
47847.473589999994,30895.234910000003,36.0
50635.0,30895.234910000003,36.0
47116.4529,30895.234910000003,36.0
48878.0,30895.234910000003,36.0
49308.42733,30895.234910000003,36.0
49308.43585,30895.234910000003,36.0
47116.45882,30895.234910000003,36.0
47847.46386,30895.234910000003,36.0
47116.4602,30895.234910000003,36.0
47116.46599,30895.234910000003,36.0
47116.46872,30895.234910000003,36.0
49308.46537,30895.234910000003,36.0
49308.4819,30895.234910000003,36.0
34419.287939999995,30895.234910000003,36.0
50556.0,30895.234910000003,36.0
49308.48942,30895.234910000003,36.0
50534.0,30895.234910000003,36.0
50769.135519999996,30895.234910000003,36.0
47847.47786,30895.234910000003,36.0
30941.18377,30895.234910000003,36.0
30895.265260000004,30895.234910000003,36.0
50769.49171,30895.234910000003,36.0
30941.14916,30895.234910000003,36.0
30941.147760000003,30895.234910000003,36.0
30941.147610000004,30895.234910000003,36.0
30941.147230000002,30895.234910000003,36.0
30941.1472,30895.234910000003,36.0
30941.1467,30895.234910000003,36.0
30941.1331,30895.234910000003,36.0
30895.306080000002,30895.234910000003,36.0
30895.299030000002,30895.234910000003,36.0
30895.297639999997,30895.234910000003,36.0
30895.27237,30895.234910000003,36.0
30895.26528,30895.234910000003,36.0
30895.26137,30895.234910000003,36.0
47869.0,30895.234910000003,36.0
30895.25758,30895.234910000003,36.0
30895.24988,30895.234910000003,36.0
30895.24033,30895.234910000003,36.0
30895.23496,30895.234910000003,36.0
47879.0,30895.234910000003,36.0
48577.484560000004,30895.234910000003,36.0
48577.48487,30895.234910000003,36.0
48577.48517,30895.234910000003,36.0
48735.0,30895.234910000003,36.0
50769.37289,30895.234910000003,36.0
48800.0,30895.234910000003,36.0
46901.0,30895.234910000003,36.0
46972.0,30895.234910000003,36.0
47147.0,30895.234910000003,36.0
50525.0,30895.234910000003,36.0
47274.0,30895.234910000003,36.0
50038.411510000005,30895.234910000003,36.0
47847.42368,30895.234910000003,36.0
47558.0,30895.234910000003,36.0
47847.42003,30895.234910000003,36.0
47847.40907,30895.234910000003,36.0
47572.0,30895.234910000003,36.0
49862.0,30895.234910000003,36.0
49949.0,30895.234910000003,36.0
47847.38715,30895.234910000003,36.0
50008.0,30895.234910000003,36.0
50038.27545,30895.234910000003,36.0
50038.32658,30895.234910000003,36.0
50038.36705,30895.234910000003,36.0
50038.40358,30895.234910000003,36.0
47847.366760000004,30895.234910000003,36.0
49308.49249,30895.234910000003,36.0
50038.44772,30895.234910000003,36.0
50038.4602,30895.234910000003,36.0
50403.27758,30895.234910000003,36.0
47847.3141,30895.234910000003,36.0
50038.48212,30895.234910000003,36.0
50038.48333,30895.234910000003,36.0
47650.0,30895.234910000003,36.0
47660.0,30895.234910000003,36.0
47847.29584,30895.234910000003,36.0
50038.49864,30895.234910000003,36.0
50038.50024,30895.234910000003,36.0
50145.0,30895.234910000003,36.0
50200.0,30895.234910000003,36.0
47481.46785,30895.234910000003,36.0
49746.0,30895.234910000003,36.0
49673.49582,30895.234910000003,36.0
49673.48363,30895.234910000003,36.0
50451.0,30895.234910000003,36.0
49338.0,30895.234910000003,36.0
49348.0,30895.234910000003,36.0
50403.50302,30895.234910000003,36.0
47389.0,30895.234910000003,36.0
49423.0,30895.234910000003,36.0
47847.45595,30895.234910000003,36.0
47847.42976,30895.234910000003,36.0
47474.0,30895.234910000003,36.0
47476.0,30895.234910000003,36.0
50403.502010000004,30895.234910000003,36.0
49535.0,30895.234910000003,36.0
50403.50115,30895.234910000003,36.0
47481.14857,30895.234910000003,36.0
49566.0,30895.234910000003,36.0
47481.262969999996,30895.234910000003,36.0
49620.0,30895.234910000003,36.0
49658.0,30895.234910000003,36.0
49673.27758,30895.234910000003,36.0
49673.34482,30895.234910000003,36.0
50403.49862,30895.234910000003,36.0
49673.41637,30895.234910000003,36.0
50403.49255,30895.234910000003,36.0
50403.48687,30895.234910000003,36.0
49673.46173,30895.234910000003,36.0
50403.472069999996,30895.234910000003,36.0
47481.46629,30895.234910000003,36.0
50312.0,30895.234910000003,36.0
30941.175919999998,30895.234910000003,36.0
30941.189489999997,30895.234910000003,36.0
51134.50585,30895.234910000003,36.0
51134.51134,30895.234910000003,36.0
51134.51059,30895.234910000003,36.0
46216.0,30895.234910000003,36.0
51134.50948,30895.234910000003,36.0
46294.0,30895.234910000003,36.0
48212.479680000004,30895.234910000003,36.0
32959.25995,30895.234910000003,36.0
32907.31989,30895.234910000003,36.0
51134.5081,30895.234910000003,36.0
32907.31655,30895.234910000003,36.0
32907.15565,30895.234910000003,36.0
51134.50769,30895.234910000003,36.0
51134.506239999995,30895.234910000003,36.0
46386.34981,30895.234910000003,36.0
30941.19238,30895.234910000003,36.0
51134.49338,30895.234910000003,36.0
32644.0,30895.234910000003,36.0
48212.48013,30895.234910000003,36.0
46386.385310000005,30895.234910000003,36.0
48302.0,30895.234910000003,36.0
48322.0,30895.234910000003,36.0
48172.0,30895.234910000003,36.0
46386.44741,30895.234910000003,36.0
46386.44925,30895.234910000003,36.0
48152.0,30895.234910000003,36.0
46386.45014,30895.234910000003,36.0
46386.454710000005,30895.234910000003,36.0
51134.490939999996,30895.234910000003,36.0
51195.0,30895.234910000003,36.0
46020.458360000004,30895.234910000003,36.0
46020.45775,30895.234910000003,36.0
46020.45581,30895.234910000003,36.0
34419.273160000004,30895.234910000003,36.0
34419.27315,30895.234910000003,36.0
34419.25733,30895.234910000003,36.0
34419.25339,30895.234910000003,36.0
34419.23861,30895.234910000003,36.0
34419.23541,30895.234910000003,36.0
48212.47671,30895.234910000003,36.0
34419.21127,30895.234910000003,36.0
34419.19201,30895.234910000003,36.0
34419.16285,30895.234910000003,36.0
48212.46873,30895.234910000003,36.0
51424.0,30895.234910000003,36.0
45950.0,30895.234910000003,36.0
51408.0,30895.234910000003,36.0
33978.33865,30895.234910000003,36.0
51403.0,30895.234910000003,36.0
33602.0,30895.234910000003,36.0
51389.0,30895.234910000003,36.0
48212.19722,30895.234910000003,36.0
46020.44192,30895.234910000003,36.0
48182.0,30895.234910000003,36.0
51354.0,30895.234910000003,36.0
33160.0,30895.234910000003,36.0
33099.32262,30895.234910000003,36.0
51255.0,30895.234910000003,36.0
46020.454710000005,30895.234910000003,36.0
46020.455780000004,30895.234910000003,36.0
46386.45534,30895.234910000003,36.0
48347.0,30895.234910000003,36.0
51134.47999,30895.234910000003,36.0
50891.0,30895.234910000003,36.0
46386.4596,30895.234910000003,36.0
46751.460510000004,30895.234910000003,36.0
46751.46203,30895.234910000003,36.0
31333.0,30895.234910000003,36.0
50769.50659,30895.234910000003,36.0
46751.46599,30895.234910000003,36.0
46842.0,30895.234910000003,36.0
50769.505560000005,30895.234910000003,36.0
48577.48332,30895.234910000003,36.0
48577.4838,30895.234910000003,36.0
50769.501580000004,30895.234910000003,36.0
31160.0,30895.234910000003,36.0
31031.27818,30895.234910000003,36.0
30953.0,30895.234910000003,36.0
30941.29454,30895.234910000003,36.0
30941.28641,30895.234910000003,36.0
30941.28447,30895.234910000003,36.0
30941.26945,30895.234910000003,36.0
30941.25658,30895.234910000003,36.0
30941.253360000002,30895.234910000003,36.0
30941.242580000002,30895.234910000003,36.0
30941.23895,30895.234910000003,36.0
30941.23845,30895.234910000003,36.0
30941.210639999998,30895.234910000003,36.0
30941.20923,30895.234910000003,36.0
50769.50129,30895.234910000003,36.0
30941.207010000002,30895.234910000003,36.0
50836.0,30895.234910000003,36.0
46751.45902,30895.234910000003,36.0
48577.472969999995,30895.234910000003,36.0
51129.0,30895.234910000003,36.0
48364.0,30895.234910000003,36.0
51134.47847,30895.234910000003,36.0
46386.46202,30895.234910000003,36.0
48132.0,30895.234910000003,36.0
46386.46358,30895.234910000003,36.0
48065.0,30895.234910000003,36.0
46386.46377,30895.234910000003,36.0
46386.46386,30895.234910000003,36.0
46446.0,30895.234910000003,36.0
51134.34879,30895.234910000003,36.0
46476.0,30895.234910000003,36.0
51134.34819,30895.234910000003,36.0
50951.0,30895.234910000003,36.0
47796.0,30895.234910000003,36.0
51125.0,30895.234910000003,36.0
46751.25987,30895.234910000003,36.0
48577.45449,30895.234910000003,36.0
48577.44711,30895.234910000003,36.0
48027.0,30895.234910000003,36.0
50967.0,30895.234910000003,36.0
48577.33237,30895.234910000003,36.0
31780.2275,30895.234910000003,36.0
50979.0,30895.234910000003,36.0
51013.0,30895.234910000003,36.0
51059.0,30895.234910000003,36.0
48577.39291,30895.234910000003,36.0
40176.0,30895.234910000003,35.333
43464.0,30895.234910000003,35.333
42491.0,30895.234910000003,35.333
43098.0,30895.234910000003,35.333
41272.0,30895.234910000003,35.333
48212.47999,30895.234910000003,35.333
36524.0,30895.234910000003,35.333
46097.0,30895.234910000003,35.333
45776.0,30895.234910000003,35.333
47755.0,33023.28989,35.0
45290.3628,33023.28989,35.0
45290.45144,33023.28989,35.0
46386.43625,33023.28989,35.0
45290.433410000005,33023.28989,35.0
42618.0,33023.28989,35.0
45290.37805,33023.28989,35.0
45290.36645,33023.28989,35.0
45290.36436,33023.28989,35.0
46386.46353,33023.28989,35.0
45290.3635,33023.28989,35.0
42672.0,33023.28989,35.0
46538.0,33023.28989,35.0
46506.0,33023.28989,35.0
42420.38928,33023.28989,35.0
46593.0,33023.28989,35.0
46594.0,33023.28989,35.0
42733.0,33023.28989,35.0
46599.0,33023.28989,35.0
46631.0,33023.28989,35.0
46749.0,33023.28989,35.0
45290.35239,33023.28989,35.0
43052.0,33023.28989,35.0
47921.0,33023.28989,35.0
46751.38928,33023.28989,35.0
46386.32963,33023.28989,35.0
46386.18627,33023.28989,35.0
42557.0,33023.28989,35.0
46020.379239999995,33023.28989,35.0
45863.0,33023.28989,35.0
48212.47389,33023.28989,35.0
48212.472330000004,33023.28989,35.0
45943.0,33023.28989,35.0
48212.44803,33023.28989,35.0
48212.40754,33023.28989,35.0
45776.0,33023.28989,35.0
42491.0,33023.28989,35.0
48212.39993,33023.28989,35.0
48212.317760000005,33023.28989,35.0
46020.293710000005,33023.28989,35.0
46020.42575,33023.28989,35.0
46751.4529,33023.28989,35.0
46020.43584,33023.28989,35.0
42492.0,33023.28989,35.0
45655.43802,33023.28989,35.0
46020.44375,33023.28989,35.0
42519.0,33023.28989,35.0
46020.4479,33023.28989,35.0
46034.0,33023.28989,35.0
46097.0,33023.28989,35.0
45512.0,33023.28989,35.0
42520.0,33023.28989,35.0
45410.0,33023.28989,35.0
46751.43716,33023.28989,35.0
45290.18263,33023.28989,35.0
47671.0,33023.28989,35.0
43829.22015,33023.28989,35.0
47116.46933,33023.28989,35.0
44559.44315,33023.28989,35.0
47254.0,33023.28989,35.0
44559.43736,33023.28989,35.0
44559.42885,33023.28989,35.0
44559.4266,33023.28989,35.0
47450.0,33023.28989,35.0
44559.42035,33023.28989,35.0
47478.0,33023.28989,35.0
44559.37499,33023.28989,35.0
47481.46173,33023.28989,35.0
44559.33769,33023.28989,35.0
47481.46538,33023.28989,35.0
47504.0,33023.28989,35.0
47558.0,33023.28989,35.0
44559.0,33023.28989,35.0
44194.432810000006,33023.28989,35.0
47602.0,33023.28989,35.0
47847.32872,33023.28989,35.0
47609.0,33023.28989,35.0
44194.41467,33023.28989,35.0
44194.3068,33023.28989,35.0
47670.0,33023.28989,35.0
47827.0,33023.28989,35.0
44194.346489999996,33023.28989,35.0
44925.293710000005,33023.28989,35.0
47116.445589999996,33023.28989,35.0
43098.0,33023.28989,35.0
47116.32797,33023.28989,35.0
47888.0,33023.28989,35.0
46751.46211,33023.28989,35.0
43234.0,33023.28989,35.0
45290.0,33023.28989,35.0
46883.0,33023.28989,35.0
43403.0,33023.28989,35.0
44925.44528,33023.28989,35.0
44925.436069999996,33023.28989,35.0
44925.43464,33023.28989,35.0
47884.0,33023.28989,35.0
43464.0,33023.28989,35.0
44925.42885,33023.28989,35.0
44925.42542,33023.28989,35.0
43621.41467,33023.28989,35.0
46980.0,33023.28989,35.0
44925.41272,33023.28989,35.0
47023.0,33023.28989,35.0
43621.42906,33023.28989,35.0
47086.0,33023.28989,35.0
47105.0,33023.28989,35.0
43621.43338,33023.28989,35.0
47116.2221,33023.28989,35.0
47116.23375,33023.28989,35.0
43622.38929,33023.28989,35.0
44925.39993,33023.28989,35.0
44712.0,33023.28989,35.0
38236.0,33023.28989,35.0
33433.3315,33023.28989,35.0
33799.0,33023.28989,35.0
49746.0,33023.28989,35.0
38753.297360000004,33023.28989,35.0
49673.47786,33023.28989,35.0
38593.0,33023.28989,35.0
33466.0,33023.28989,35.0
49673.42368,33023.28989,35.0
37905.0,33023.28989,35.0
49581.0,33023.28989,35.0
37837.0,33023.28989,35.0
49563.0,33023.28989,35.0
33070.0,33023.28989,35.0
37566.36808,33023.28989,35.0
48485.0,33023.28989,35.0
37566.33146,33023.28989,35.0
49490.0,33023.28989,35.0
48577.4767,33023.28989,35.0
37494.0,33023.28989,35.0
49451.0,33023.28989,35.0
34241.18263,33023.28989,35.0
37482.0,33023.28989,35.0
38753.30942,33023.28989,35.0
42420.38198,33023.28989,35.0
38753.35215,33023.28989,35.0
49796.0,33023.28989,35.0
50038.49551,33023.28989,35.0
39095.3564,33023.28989,35.0
33094.0,33023.28989,35.0
39095.29887,33023.28989,35.0
50038.493089999996,33023.28989,35.0
38753.37919,33023.28989,35.0
38753.37912,33023.28989,35.0
50038.48023,33023.28989,35.0
33289.0,33023.28989,35.0
38753.3752,33023.28989,35.0
50038.4304,33023.28989,35.0
38753.37375,33023.28989,35.0
33433.33149,33023.28989,35.0
38753.37094,33023.28989,35.0
49833.0,33023.28989,35.0
38753.36675,33023.28989,35.0
49802.0,33023.28989,35.0
48577.4739,33023.28989,35.0
38753.35914,33023.28989,35.0
37465.0,33023.28989,35.0
49403.0,33023.28989,35.0
34241.236789999995,33023.28989,35.0
35969.0,33023.28989,35.0
35929.0,33023.28989,35.0
49304.0,33023.28989,35.0
34762.33466,33023.28989,35.0
35927.0,33023.28989,35.0
48832.0,33023.28989,35.0
49216.0,33023.28989,35.0
35915.0,33023.28989,35.0
35702.0,33023.28989,35.0
34762.34553,33023.28989,35.0
48942.48884,33023.28989,35.0
35686.0,33023.28989,35.0
35645.0,33023.28989,35.0
48942.47664,33023.28989,35.0
34762.3464,33023.28989,35.0
35621.0,33023.28989,35.0
48942.317760000005,33023.28989,35.0
35404.0,33023.28989,35.0
48942.35064,33023.28989,35.0
35016.0,33023.28989,35.0
34762.330239999996,33023.28989,35.0
49308.39659,33023.28989,35.0
37446.0,33023.28989,35.0
35973.0,33023.28989,35.0
49308.49216,33023.28989,35.0
37202.0,33023.28989,35.0
37177.0,33023.28989,35.0
37061.0,33023.28989,35.0
49308.491239999996,33023.28989,35.0
34648.0,33023.28989,35.0
36801.0,33023.28989,35.0
49308.4885,33023.28989,35.0
36730.0,33023.28989,35.0
36718.0,33023.28989,35.0
49308.45168,33023.28989,35.0
34762.131219999996,33023.28989,35.0
36524.0,33023.28989,35.0
36186.0,33023.28989,35.0
49308.44803,33023.28989,35.0
48827.0,33023.28989,35.0
36040.0,33023.28989,35.0
49308.42613,33023.28989,35.0
34762.14397,33023.28989,35.0
39095.36174,33023.28989,35.0
35238.0,33023.28989,35.0
50038.49798,33023.28989,35.0
48212.47915,33023.28989,35.0
41531.0,33023.28989,35.0
41199.1897,33023.28989,35.0
50726.0,33023.28989,35.0
41050.0,33023.28989,35.0
50648.0,33023.28989,35.0
51134.49308,33023.28989,35.0
41045.0,33023.28989,35.0
50603.0,33023.28989,35.0
41551.0,33023.28989,35.0
40937.0,33023.28989,35.0
50403.50233,33023.28989,35.0
40922.0,33023.28989,35.0
51361.0,33023.28989,35.0
50403.41089,33023.28989,35.0
41245.0,33023.28989,35.0
50769.30316,33023.28989,35.0
41199.20666,33023.28989,35.0
51134.44925,33023.28989,35.0
41272.0,33023.28989,35.0
41231.0,33023.28989,35.0
50769.50702,33023.28989,35.0
41199.32292,33023.28989,35.0
48577.321410000004,33023.28989,35.0
41253.0,33023.28989,35.0
41199.313669999996,33023.28989,35.0
50961.0,33023.28989,35.0
41199.21147,33023.28989,35.0
41199.23559,33023.28989,35.0
50769.47664,33023.28989,35.0
41199.21783,33023.28989,35.0
48212.47999,33023.28989,35.0
41393.0,33023.28989,35.0
50769.47116,33023.28989,35.0
40912.0,33023.28989,35.0
41684.0,33023.28989,35.0
48339.0,33023.28989,35.0
40028.0,33023.28989,35.0
39095.3698,33023.28989,35.0
39095.38998,33023.28989,35.0
33063.12023,33023.28989,35.0
42242.0,33023.28989,35.0
39254.22423,33023.28989,35.0
50219.0,33023.28989,35.0
41861.0,33023.28989,35.0
39263.0,33023.28989,35.0
50313.0,33023.28989,35.0
33025.0,33023.28989,35.0
39446.0,33023.28989,35.0
41799.0,33023.28989,35.0
50361.0,33023.28989,35.0
48577.3141,33023.28989,35.0
39795.0,33023.28989,35.0
48212.47755,33023.28989,35.0
41707.0,33023.28989,35.0
40884.0,33023.28989,35.0
40176.0,33023.28989,35.0
50386.0,33023.28989,35.0
48577.4042,33023.28989,35.0
50403.38654,33023.28989,35.0
40221.0,33023.28989,35.0
40785.0,33023.28989,35.0
51465.0,33023.28989,35.0
50403.35303,33023.28989,35.0
40478.0,33023.28989,35.0
46593.0,30895.234910000003,11.0
32075.2366,30895.234910000003,11.0
32075.204530000003,30895.234910000003,11.0
47023.0,30895.234910000003,11.0
48577.3141,30895.234910000003,11.0
46538.0,30895.234910000003,11.0
32075.196010000003,30895.234910000003,11.0
48577.321410000004,30895.234910000003,11.0
32075.22262,30895.234910000003,11.0
46506.0,30895.234910000003,11.0
48942.317760000005,30895.234910000003,11.0
46980.0,30895.234910000003,11.0
48832.0,30895.234910000003,11.0
31259.301330000002,30895.234910000003,11.0
32075.1894,30895.234910000003,11.0
48577.4767,30895.234910000003,11.0
31393.312060000004,30895.234910000003,11.0
46751.43716,30895.234910000003,11.0
48942.35064,30895.234910000003,11.0
46751.38928,30895.234910000003,11.0
48577.4739,30895.234910000003,11.0
31566.0,30895.234910000003,11.0
46751.4529,30895.234910000003,11.0
31983.215119999997,30895.234910000003,11.0
31393.26176,30895.234910000003,11.0
46749.0,30895.234910000003,11.0
31393.23745,30895.234910000003,11.0
31983.22492,30895.234910000003,11.0
31359.0,30895.234910000003,11.0
46751.46211,30895.234910000003,11.0
48827.0,30895.234910000003,11.0
48577.4042,30895.234910000003,11.0
46631.0,30895.234910000003,11.0
31272.0,30895.234910000003,11.0
32054.0,30895.234910000003,11.0
32075.09324,30895.234910000003,11.0
31393.30163,30895.234910000003,11.0
46599.0,30895.234910000003,11.0
32075.1461,30895.234910000003,11.0
31258.0,30895.234910000003,11.0
46883.0,30895.234910000003,11.0
32075.18262,30895.234910000003,11.0
46594.0,30895.234910000003,11.0
31175.0,30895.234910000003,11.0
31393.29065,30895.234910000003,11.0
47478.0,30895.234910000003,11.0
47086.0,30895.234910000003,11.0
50769.30316,30895.234910000003,11.0
50648.0,30895.234910000003,11.0
50603.0,30895.234910000003,11.0
50403.50233,30895.234910000003,11.0
50403.41089,30895.234910000003,11.0
50403.38654,30895.234910000003,11.0
50403.35303,30895.234910000003,11.0
47847.32872,30895.234910000003,11.0
50386.0,30895.234910000003,11.0
50361.0,30895.234910000003,11.0
47827.0,30895.234910000003,11.0
50313.0,30895.234910000003,11.0
47755.0,30895.234910000003,11.0
50219.0,30895.234910000003,11.0
47671.0,30895.234910000003,11.0
50038.49798,30895.234910000003,11.0
50726.0,30895.234910000003,11.0
50769.47116,30895.234910000003,11.0
50038.49551,30895.234910000003,11.0
47884.0,30895.234910000003,11.0
48212.47389,30895.234910000003,11.0
48212.472330000004,30895.234910000003,11.0
48212.44803,30895.234910000003,11.0
48212.40754,30895.234910000003,11.0
48212.39993,30895.234910000003,11.0
48212.317760000005,30895.234910000003,11.0
51465.0,30895.234910000003,11.0
51361.0,30895.234910000003,11.0
51134.49308,30895.234910000003,11.0
51134.44925,30895.234910000003,11.0
50961.0,30895.234910000003,11.0
47921.0,30895.234910000003,11.0
50769.50702,30895.234910000003,11.0
47888.0,30895.234910000003,11.0
50769.47664,30895.234910000003,11.0
47670.0,30895.234910000003,11.0
50038.493089999996,30895.234910000003,11.0
48942.47664,30895.234910000003,11.0
49308.49216,30895.234910000003,11.0
49308.491239999996,30895.234910000003,11.0
47116.46933,30895.234910000003,11.0
49308.4885,30895.234910000003,11.0
49308.45168,30895.234910000003,11.0
49308.44803,30895.234910000003,11.0
49308.42613,30895.234910000003,11.0
47116.445589999996,30895.234910000003,11.0
49308.39659,30895.234910000003,11.0
47116.32797,30895.234910000003,11.0
49304.0,30895.234910000003,11.0
47116.23375,30895.234910000003,11.0
49216.0,30895.234910000003,11.0
47116.2221,30895.234910000003,11.0
48942.48884,30895.234910000003,11.0
47105.0,30895.234910000003,11.0
47254.0,30895.234910000003,11.0
49403.0,30895.234910000003,11.0
47609.0,30895.234910000003,11.0
47450.0,30895.234910000003,11.0
50038.48023,30895.234910000003,11.0
47602.0,30895.234910000003,11.0
50038.4304,30895.234910000003,11.0
49833.0,30895.234910000003,11.0
49802.0,30895.234910000003,11.0
47504.0,30895.234910000003,11.0
49796.0,30895.234910000003,11.0
49673.47786,30895.234910000003,11.0
47481.46538,30895.234910000003,11.0
49673.42368,30895.234910000003,11.0
47481.46173,30895.234910000003,11.0
49581.0,30895.234910000003,11.0
49563.0,30895.234910000003,11.0
49490.0,30895.234910000003,11.0
49451.0,30895.234910000003,11.0
32075.23878,30895.234910000003,11.0
42420.38928,30895.234910000003,11.0
32075.280319999998,30895.234910000003,11.0
40028.0,30895.234910000003,11.0
38753.3752,30895.234910000003,11.0
44559.42885,30895.234910000003,11.0
38753.37912,30895.234910000003,11.0
44559.4266,30895.234910000003,11.0
38753.37919,30895.234910000003,11.0
44559.42035,30895.234910000003,11.0
39095.29887,30895.234910000003,11.0
39095.3564,30895.234910000003,11.0
44559.37499,30895.234910000003,11.0
39095.36174,30895.234910000003,11.0
44559.33769,30895.234910000003,11.0
39095.3698,30895.234910000003,11.0
39095.38998,30895.234910000003,11.0
39254.22423,30895.234910000003,11.0
39263.0,30895.234910000003,11.0
44559.0,30895.234910000003,11.0
39446.0,30895.234910000003,11.0
44194.432810000006,30895.234910000003,11.0
39795.0,30895.234910000003,11.0
44559.43736,30895.234910000003,11.0
38753.37375,30895.234910000003,11.0
38753.37094,30895.234910000003,11.0
48212.47755,30895.234910000003,11.0
37566.33146,30895.234910000003,11.0
37566.36808,30895.234910000003,11.0
44925.42885,30895.234910000003,11.0
37837.0,30895.234910000003,11.0
48485.0,30895.234910000003,11.0
37905.0,30895.234910000003,11.0
44925.41272,30895.234910000003,11.0
38236.0,30895.234910000003,11.0
38593.0,30895.234910000003,11.0
44559.44315,30895.234910000003,11.0
44925.39993,30895.234910000003,11.0
38753.297360000004,30895.234910000003,11.0
38753.30942,30895.234910000003,11.0
44925.293710000005,30895.234910000003,11.0
38753.35215,30895.234910000003,11.0
38753.35914,30895.234910000003,11.0
44712.0,30895.234910000003,11.0
38753.36675,30895.234910000003,11.0
44194.41467,30895.234910000003,11.0
44194.346489999996,30895.234910000003,11.0
37494.0,30895.234910000003,11.0
40221.0,30895.234910000003,11.0
41199.32292,30895.234910000003,11.0
41231.0,30895.234910000003,11.0
43052.0,30895.234910000003,11.0
41253.0,30895.234910000003,11.0
41393.0,30895.234910000003,11.0
42672.0,30895.234910000003,11.0
41531.0,30895.234910000003,11.0
42618.0,30895.234910000003,11.0
41551.0,30895.234910000003,11.0
41684.0,30895.234910000003,11.0
42557.0,30895.234910000003,11.0
41707.0,30895.234910000003,11.0
42520.0,30895.234910000003,11.0
41799.0,30895.234910000003,11.0
42519.0,30895.234910000003,11.0
41861.0,30895.234910000003,11.0
42492.0,30895.234910000003,11.0
42242.0,30895.234910000003,11.0
42420.38198,30895.234910000003,11.0
41199.313669999996,30895.234910000003,11.0
43234.0,30895.234910000003,11.0
41199.23559,30895.234910000003,11.0
43622.38929,30895.234910000003,11.0
44194.3068,30895.234910000003,11.0
40478.0,30895.234910000003,11.0
40785.0,30895.234910000003,11.0
40884.0,30895.234910000003,11.0
40912.0,30895.234910000003,11.0
40922.0,30895.234910000003,11.0
43829.22015,30895.234910000003,11.0
40937.0,30895.234910000003,11.0
41045.0,30895.234910000003,11.0
43403.0,30895.234910000003,11.0
43621.43338,30895.234910000003,11.0
41050.0,30895.234910000003,11.0
43621.42906,30895.234910000003,11.0
41199.1897,30895.234910000003,11.0
43621.41467,30895.234910000003,11.0
41199.20666,30895.234910000003,11.0
41199.21147,30895.234910000003,11.0
41199.21783,30895.234910000003,11.0
44925.43464,30895.234910000003,11.0
44925.42542,30895.234910000003,11.0
44925.436069999996,30895.234910000003,11.0
45863.0,30895.234910000003,11.0
33025.0,30895.234910000003,11.0
46034.0,30895.234910000003,11.0
33063.12023,30895.234910000003,11.0
33070.0,30895.234910000003,11.0
33094.0,30895.234910000003,11.0
46020.4479,30895.234910000003,11.0
33289.0,30895.234910000003,11.0
46020.44375,30895.234910000003,11.0
33433.33149,30895.234910000003,11.0
33433.3315,30895.234910000003,11.0
46020.43584,30895.234910000003,11.0
33466.0,30895.234910000003,11.0
46020.42575,30895.234910000003,11.0
33799.0,30895.234910000003,11.0
37482.0,30895.234910000003,11.0
34241.18263,30895.234910000003,11.0
46020.293710000005,30895.234910000003,11.0
34241.236789999995,30895.234910000003,11.0
45943.0,30895.234910000003,11.0
33023.28989,30895.234910000003,11.0
48212.47915,30895.234910000003,11.0
33023.1952,30895.234910000003,11.0
32335.119710000003,30895.234910000003,11.0
46386.46353,30895.234910000003,11.0
32075.30102,30895.234910000003,11.0
32075.311660000003,30895.234910000003,11.0
32075.31563,30895.234910000003,11.0
32085.320389999997,30895.234910000003,11.0
32309.0,30895.234910000003,11.0
48339.0,30895.234910000003,11.0
32335.11677,30895.234910000003,11.0
46386.43625,30895.234910000003,11.0
33012.0,30895.234910000003,11.0
32335.224239999996,30895.234910000003,11.0
32347.0,30895.234910000003,11.0
32653.0,30895.234910000003,11.0
46386.32963,30895.234910000003,11.0
32733.0,30895.234910000003,11.0
32871.0,30895.234910000003,11.0
46386.18627,30895.234910000003,11.0
32977.0,30895.234910000003,11.0
34648.0,30895.234910000003,11.0
46020.379239999995,30895.234910000003,11.0
34762.131219999996,30895.234910000003,11.0
36730.0,30895.234910000003,11.0
35973.0,30895.234910000003,11.0
45290.36436,30895.234910000003,11.0
36040.0,30895.234910000003,11.0
34762.14397,30895.234910000003,11.0
36186.0,30895.234910000003,11.0
45290.3628,30895.234910000003,11.0
45290.35239,30895.234910000003,11.0
36718.0,30895.234910000003,11.0
45290.18263,30895.234910000003,11.0
35969.0,30895.234910000003,11.0
36801.0,30895.234910000003,11.0
45290.0,30895.234910000003,11.0
37061.0,30895.234910000003,11.0
37177.0,30895.234910000003,11.0
37202.0,30895.234910000003,11.0
37446.0,30895.234910000003,11.0
44925.44528,30895.234910000003,11.0
37465.0,30895.234910000003,11.0
45290.36645,30895.234910000003,11.0
45290.3635,30895.234910000003,11.0
45290.37805,30895.234910000003,11.0
45512.0,30895.234910000003,11.0
34762.330239999996,30895.234910000003,11.0
34762.33466,30895.234910000003,11.0
34762.34553,30895.234910000003,11.0
45655.43802,30895.234910000003,11.0
35929.0,30895.234910000003,11.0
35016.0,30895.234910000003,11.0
35238.0,30895.234910000003,11.0
35404.0,30895.234910000003,11.0
34762.3464,30895.234910000003,11.0
35621.0,30895.234910000003,11.0
35702.0,30895.234910000003,11.0
45290.433410000005,30895.234910000003,11.0
35927.0,30895.234910000003,11.0
45410.0,30895.234910000003,11.0
35915.0,30895.234910000003,11.0
45290.45144,30895.234910000003,11.0
35686.0,30895.234910000003,11.0
35645.0,30895.234910000003,11.0
41245.0,30895.234910000003,11.0
51499.39598,20427.18999,1.0
51499.49093,20427.18999,1.0
51499.494139999995,20427.18999,1.0
51499.50038,20427.18999,1.0
51499.38715,20427.18999,1.0
51499.51074,20427.18999,1.0
51499.51088,20427.18999,1.0
51499.5125,20427.18999,1.0
51499.51328,20427.18999,1.0
51499.513680000004,20427.18999,1.0
51695.0,20427.18999,1.0
51726.0,20427.18999,1.0
51818.0,20427.18999,1.0
11146.0,30895.234910000003,0.0
18749.17412,30895.234910000003,0.0
18749.1595,30895.234910000003,0.0
18749.15973,30895.234910000003,0.0
18749.16276,30895.234910000003,0.0
18749.162959999998,30895.234910000003,0.0
18749.16649,30895.234910000003,0.0
18749.17015,30895.234910000003,0.0
18749.1738,30895.234910000003,0.0
18749.18415,30895.234910000003,0.0
19967.0,30895.234910000003,0.0
18871.0,20427.18999,0.0
18871.0,30895.234910000003,0.0
18871.0,33023.28989,0.0
18940.0,20427.18999,0.0
18940.0,30895.234910000003,0.0
18940.0,33023.28989,0.0
18941.0,20427.18999,0.0
18749.159190000002,30895.234910000003,0.0
18749.14154,30895.234910000003,0.0
18536.0,33023.28989,0.0
18536.0,30895.234910000003,0.0
16251.148319999998,33023.28989,0.0
16283.0,30895.234910000003,0.0
16588.0,20427.18999,0.0
16588.0,30895.234910000003,0.0
16588.0,33023.28989,0.0
16954.0,20427.18999,0.0
16954.0,30895.234910000003,0.0
16954.0,33023.28989,0.0
18367.0,20427.18999,0.0
18367.0,30895.234910000003,0.0
18367.0,33023.28989,0.0
18519.0,20427.18999,0.0
18519.0,30895.234910000003,0.0
18519.0,33023.28989,0.0
18536.0,20427.18999,0.0
18941.0,30895.234910000003,0.0
18941.0,33023.28989,0.0
18977.118319999998,30895.234910000003,0.0
19437.0,30895.234910000003,0.0
19573.1368,30895.234910000003,0.0
19597.0,20427.18999,0.0
19597.0,30895.234910000003,0.0
19597.0,33023.28989,0.0
19635.0,20427.18999,0.0
19635.0,30895.234910000003,0.0
19635.0,33023.28989,0.0
19650.0,20427.18999,0.0
19650.0,30895.234910000003,0.0
19650.0,33023.28989,0.0
19720.1962,30895.234910000003,0.0
19805.183869999997,30895.234910000003,0.0
19888.0,20427.18999,0.0
19888.0,30895.234910000003,0.0
19888.0,33023.28989,0.0
19437.0,33023.28989,0.0
19437.0,20427.18999,0.0
19145.11505,30895.234910000003,0.0
19410.0,33023.28989,0.0
19145.18871,30895.234910000003,0.0
19190.15156,20427.18999,0.0
19190.15156,30895.234910000003,0.0
19190.15156,33023.28989,0.0
19267.0,20427.18999,0.0
19267.0,30895.234910000003,0.0
19267.0,33023.28989,0.0
19306.17802,30895.234910000003,0.0
19313.14878,30895.234910000003,0.0
19313.162930000002,30895.234910000003,0.0
19394.0,20427.18999,0.0
19394.0,30895.234910000003,0.0
19394.0,33023.28989,0.0
19410.0,20427.18999,0.0
19410.0,30895.234910000003,0.0
16251.148319999998,30895.234910000003,0.0
16251.148319999998,20427.18999,0.0
16241.158130000002,30895.234910000003,0.0
13028.0,30895.234910000003,0.0
13087.0,20427.18999,0.0
13087.0,30895.234910000003,0.0
13087.0,33023.28989,0.0
13350.0,30895.234910000003,0.0
13395.0,30895.234910000003,0.0
13468.0,30895.234910000003,0.0
13484.0,30895.234910000003,0.0
13535.0,30895.234910000003,0.0
13596.0,30895.234910000003,0.0
13619.0,30895.234910000003,0.0
13661.0,30895.234910000003,0.0
13700.0,30895.234910000003,0.0
13755.0,30895.234910000003,0.0
13780.0,30895.234910000003,0.0
13786.0,20427.18999,0.0
13028.0,33023.28989,0.0
13028.0,20427.18999,0.0
13786.0,33023.28989,0.0
13027.0,33023.28989,0.0
11146.0,33023.28989,0.0
12053.0,20427.18999,0.0
12053.0,30895.234910000003,0.0
12053.0,33023.28989,0.0
12174.0,20427.18999,0.0
12174.0,30895.234910000003,0.0
12174.0,33023.28989,0.0
12659.0,20427.18999,0.0
12659.0,30895.234910000003,0.0
12659.0,33023.28989,0.0
12950.0,20427.18999,0.0
12950.0,30895.234910000003,0.0
12950.0,33023.28989,0.0
13027.0,20427.18999,0.0
13027.0,30895.234910000003,0.0
13786.0,30895.234910000003,0.0
13891.0,30895.234910000003,0.0
16223.0,33023.28989,0.0
15113.0,30895.234910000003,0.0
15157.0,20427.18999,0.0
15157.0,30895.234910000003,0.0
15157.0,33023.28989,0.0
15307.13991,30895.234910000003,0.0
15414.0,30895.234910000003,0.0
15458.13715,30895.234910000003,0.0
15514.1508,30895.234910000003,0.0
15515.13104,30895.234910000003,0.0
15515.143759999999,30895.234910000003,0.0
15667.15066,30895.234910000003,0.0
15928.0,20427.18999,0.0
15928.0,30895.234910000003,0.0
15928.0,33023.28989,0.0
16223.0,20427.18999,0.0
16223.0,30895.234910000003,0.0
15113.0,33023.28989,0.0
15113.0,20427.18999,0.0
13984.0,30895.234910000003,0.0
14854.0,33023.28989,0.0
14093.0,20427.18999,0.0
14093.0,30895.234910000003,0.0
14093.0,33023.28989,0.0
14102.0,30895.234910000003,0.0
14122.0,30895.234910000003,0.0
14147.0,30895.234910000003,0.0
14211.0,30895.234910000003,0.0
14509.0,20427.18999,0.0
14509.0,30895.234910000003,0.0
14509.0,33023.28989,0.0
14816.0,20427.18999,0.0
14816.0,30895.234910000003,0.0
14816.0,33023.28989,0.0
14854.0,20427.18999,0.0
14854.0,30895.234910000003,0.0
19967.0,20427.18999,0.0
19967.0,33023.28989,0.0
33023.28989,33023.28989,0.0
30895.225960000003,30895.234910000003,0.0
30895.16437,30895.234910000003,0.0
30895.212410000004,30895.234910000003,0.0
30895.2259,30895.234910000003,0.0
30895.22591,30895.234910000003,0.0
30895.225919999997,30895.234910000003,0.0
30895.22593,30895.234910000003,0.0
30895.225939999997,30895.234910000003,0.0
30895.22597,30895.234910000003,0.0
20041.19206,30895.234910000003,0.0
30895.226,30895.234910000003,0.0
30895.226039999998,30895.234910000003,0.0
30895.22606,30895.234910000003,0.0
30895.22872,30895.234910000003,0.0
30895.2321,30895.234910000003,0.0
30895.234910000003,30895.234910000003,0.0
31175.0,33023.28989,0.0
30895.11922,30895.234910000003,0.0
30894.300710000003,33023.28989,0.0
30894.300710000003,30895.234910000003,0.0
30894.29746,33023.28989,0.0
30894.26783,30895.234910000003,0.0
30894.26783,33023.28989,0.0
30894.269060000002,30895.234910000003,0.0
30894.269060000002,33023.28989,0.0
30894.280110000003,30895.234910000003,0.0
30894.280110000003,33023.28989,0.0
30894.29013,30895.234910000003,0.0
30894.29013,33023.28989,0.0
30894.2934,30895.234910000003,0.0
30894.2934,33023.28989,0.0
30894.293910000004,30895.234910000003,0.0
30894.293910000004,33023.28989,0.0
30894.29745,30895.234910000003,0.0
30894.29745,33023.28989,0.0
30894.29746,30895.234910000003,0.0
31258.0,33023.28989,0.0
31259.301330000002,33023.28989,0.0
31272.0,33023.28989,0.0
32075.23878,33023.28989,0.0
32075.30102,33023.28989,0.0
32075.311660000003,33023.28989,0.0
32075.31563,33023.28989,0.0
32085.320389999997,33023.28989,0.0
32309.0,33023.28989,0.0
32335.11677,33023.28989,0.0
32335.119710000003,33023.28989,0.0
32335.224239999996,33023.28989,0.0
32347.0,33023.28989,0.0
32653.0,33023.28989,0.0
32733.0,33023.28989,0.0
32871.0,33023.28989,0.0
32977.0,33023.28989,0.0
33012.0,33023.28989,0.0
33023.1952,33023.28989,0.0
32075.280319999998,33023.28989,0.0
32075.2366,33023.28989,0.0
31359.0,33023.28989,0.0
32075.22262,33023.28989,0.0
31393.23745,33023.28989,0.0
31393.26176,33023.28989,0.0
31393.29065,33023.28989,0.0
31393.30163,33023.28989,0.0
31393.312060000004,33023.28989,0.0
31566.0,33023.28989,0.0
31983.215119999997,33023.28989,0.0
31983.22492,33023.28989,0.0
32054.0,33023.28989,0.0
32075.09324,33023.28989,0.0
32075.1461,33023.28989,0.0
32075.18262,33023.28989,0.0
32075.1894,33023.28989,0.0
32075.196010000003,33023.28989,0.0
32075.204530000003,33023.28989,0.0
30894.265710000003,33023.28989,0.0
30894.265710000003,30895.234910000003,0.0
30894.245919999998,33023.28989,0.0
20382.0,20427.18999,0.0
20382.0,33023.28989,0.0
20414.19495,30895.234910000003,0.0
20416.18397,30895.234910000003,0.0
20427.18788,20427.18999,0.0
20427.18788,30895.234910000003,0.0
20427.18788,33023.28989,0.0
20427.18999,20427.18999,0.0
20427.18999,30895.234910000003,0.0
20427.18999,33023.28989,0.0
21914.0,30895.234910000003,0.0
24446.0,30895.234910000003,0.0
27132.270589999996,30895.234910000003,0.0
29022.25372,30895.234910000003,0.0
29022.25372,33023.28989,0.0
29228.282839999996,30895.234910000003,0.0
20382.0,30895.234910000003,0.0
20333.0,33023.28989,0.0
29228.28408,30895.234910000003,0.0
20333.0,30895.234910000003,0.0
20041.195180000002,20427.18999,0.0
20041.195180000002,30895.234910000003,0.0
20041.195180000002,33023.28989,0.0
20196.16192,30895.234910000003,0.0
20198.13657,30895.234910000003,0.0
20239.16595,30895.234910000003,0.0
20239.19006,30895.234910000003,0.0
20242.191430000003,30895.234910000003,0.0
20314.193180000002,20427.18999,0.0
20314.193180000002,30895.234910000003,0.0
20314.193180000002,33023.28989,0.0
20332.0,20427.18999,0.0
20332.0,30895.234910000003,0.0
20332.0,33023.28989,0.0
20333.0,20427.18999,0.0
29228.282839999996,33023.28989,0.0
29228.28408,33023.28989,0.0
30894.245919999998,30895.234910000003,0.0
30184.29584,30895.234910000003,0.0
30194.15523,30895.234910000003,0.0
30194.15523,33023.28989,0.0
30506.143969999997,30895.234910000003,0.0
30506.143969999997,33023.28989,0.0
30845.19052,30895.234910000003,0.0
30870.1401,30895.234910000003,0.0
30870.1401,33023.28989,0.0
30870.2208,30895.234910000003,0.0
30870.2208,33023.28989,0.0
30870.261169999998,30895.234910000003,0.0
30870.261169999998,33023.28989,0.0
30894.17657,30895.234910000003,0.0
30894.17657,33023.28989,0.0
30894.180610000003,30895.234910000003,0.0
30894.180610000003,33023.28989,0.0
30184.29584,33023.28989,0.0
30184.29071,33023.28989,0.0
29437.254589999997,30895.234910000003,0.0
30184.29071,30895.234910000003,0.0
29437.254589999997,33023.28989,0.0
29484.20209,30895.234910000003,0.0
29531.0,30895.234910000003,0.0
29531.0,33023.28989,0.0
29642.28956,30895.234910000003,0.0
29642.28956,33023.28989,0.0
30170.22738,30895.234910000003,0.0
30180.19612,30895.234910000003,0.0
30180.19612,33023.28989,0.0
30184.142460000003,30895.234910000003,0.0
30184.142460000003,33023.28989,0.0
30184.21915,30895.234910000003,0.0
30184.21915,33023.28989,0.0
30184.23526,30895.234910000003,0.0
30184.23526,33023.28989,0.0
11146.0,20427.18999,0.0
